,title,authors
0,Investigating Older Adults’ Attitudes towards Crisis Informatics Tools: Opportunities for Enhancing Community Resilience during Disasters,"[('Nurul M Suhaimi', '/profile/99659109063'), ('Yixuan Zhang', '/profile/99659723371'), ('Mary Joseph', '/profile/99659528705'), ('Miso Kim', '/profile/99659526540'), ('Andrea G Parker', '/profile/81556858356'), ('Jacqueline Griffin', '/profile/99659121142')]"
1,A longitudinal study of IP Anycast,"[('Danilo Cicalese', '/profile/99659078012'), ('Dario Rossi', '/profile/81336492506')]"
2,Multiservice UAVs for Emergency Tasks in Post-disaster Scenarios,"[('Francesco Malandrino', '/profile/81418598897'), ('Cristina Rottondi', '/profile/83458796257'), ('Carla-Fabiana Chiasserini', '/profile/81100011731'), ('Andrea Bianco', '/profile/81100305196'), ('Ioannis Stavrakakis', '/profile/81100309658')]"
3,Learning Social Meta-knowledge for Nowcasting Human Mobility in Disaster,"[('Renhe Jiang', '/author/Jiang%2C+Renhe'), ('Zhaonan Wang', '/author/Wang%2C+Zhaonan'), ('Yudong Tao', '/author/Tao%2C+Yudong'), ('Chuang Yang', '/profile/99659535399'), ('Xuan Song', '/author/Song%2C+Xuan'), ('Ryosuke Shibasaki', '/author/Shibasaki%2C+Ryosuke'), ('Shu-Ching Chen', '/author/Chen%2C+Shu-Ching'), ('Mei-Ling Shyu', '/author/Shyu%2C+Mei-Ling')]"
4,Multiservice UAVs for Emergency Tasks in Post-disaster Scenarios,"[('Francesco Malandrino', '/profile/81418598897'), ('Cristina Rottondi', '/profile/83458796257'), ('Carla-Fabiana Chiasserini', '/profile/81100011731'), ('Andrea Bianco', '/profile/81100305196'), ('Ioannis Stavrakakis', '/profile/81100309658')]"
5,Disaster recovery mechanism using widely distributed networking and secure metadata handling technology,"[('Yoichiro Ueno', '/profile/81435595567'), ('Noriharu Miyaho', '/profile/81100001824'), ('Shuichi Suzuki', '/profile/81444592680')]"
6,"Session details: Research papers and management, case study & policy papers: emergency response and disaster management","[('Laura Steinberg', '/profile/81351591839')]"
7,Combining Big Social Media Data and FCA for Crisis Response,"[('Helen Gibson', '/profile/81490641510'), ('Simon Andrews', '/profile/81472652979'), ('Konstantinos Domdouzis', '/profile/81338488132'), ('Laurence Hirsch', '/profile/81333488717'), ('Babak Akhgar', '/profile/81363591156')]"
8,Statistical inference of internal network loss and topology,"[('R. Cáceres', '/profile/81100464750'), ('N. G. Duffield', '/profile/81100151464'), ('J. Horowitz', '/profile/81341491501'), ('F. Lo Presti', '/profile/81100366679'), ('D. Towsley', '/profile/81405594423')]"
9,Economic Crisis and Enterprise Systems Adoption,"[('Niki Kyriakou', '/profile/99658702255'), ('Euripidis Loukis', '/profile/81336491061'), ('Alexandra Papanikou', '/profile/99660014793')]"
10,Error Resilient In-Memory Computing Architecture for CNN Inference on the Edge,"[('Marco Rios', '/profile/99659758458'), ('Flavio Ponzina', '/profile/99660429775'), ('Giovanni Ansaloni', '/profile/81381608371'), ('Alexandre Levisse', '/profile/99659370295'), ('David Atienza', '/profile/81100090363')]"
11,Situation awareness via information hovering in post-disaster communications,"[('Gaetano Manzo', '/profile/99659037968'), ('Flavien Bonvin', '/profile/99659514115'), ('Christian Esposito', '/profile/81100065729'), ('Torsten Braun', '/profile/81100147674'), ('Gianluca Rizzo', '/profile/81548032781')]"
12,Communication Behavior in an Emerging Democracy,"[('Andrea Kavanaugh', '/profile/81100171026'), ('Ziqian Song', '/profile/99659174055'), ('Liuqing Li', '/profile/99659440182'), ('Edward Fox', '/profile/81339500009')]"
13,Emergent Communication under Competition,"[('Michael Noukhovitch', '/profile/99659694814'), ('Travis LaCroix', '/profile/99659695089'), ('Angeliki Lazaridou', '/profile/81485659419'), ('Aaron Courville', '/profile/81100464337')]"
14,Emergent Communication under Competition,"[('Michael Noukhovitch', '/profile/99659694814'), ('Travis LaCroix', '/profile/99659695089'), ('Angeliki Lazaridou', '/profile/81485659419'), ('Aaron Courville', '/profile/81100464337')]"
15,A reliable messaging middleware for financial institutions,"[('Yuting Chen', '/profile/99659241385'), ('Ting Mao', '/profile/99659241582'), ('Bo Yu', '/profile/99659241599')]"
16,Upvoting hurricane Sandy: event-based news production processes on a social news site,"[('Alex Leavitt', '/profile/87958825357'), ('Joshua A. Clark', '/profile/87959165857')]"
17,PRCBERT: Prompt Learning for Requirement Classification using BERT-based Pretrained Language Models,"[('Xianchang Luo', '/profile/99660688623'), ('Yinxing Xue', '/profile/99658698378'), ('Zhenchang Xing', '/profile/81550494556'), ('Jiamou Sun', '/profile/99660688325')]"
18,Reliability-Aware Multi-UAV Coverage Path Planning using a Genetic Algorithm,"[('Mickey Li', '/profile/99659694910'), ('Arthur Richards', '/profile/81496641971'), ('Mahesh Sooriyabandara', '/profile/81338490942')]"
19,Analysis of Message Propagation for Intelligent Disaster Management through Vehicular Cloud Network,"[('Ram Shringar Raw', '/profile/81488673031'), (' Loveleen', '/profile/99659068753'), ('Arvind Kumar', '/profile/99659068137'), ('Arushi Kadam', '/profile/99659067675'), ('Nanhay Singh', '/profile/99659068699')]"
20,Designing an emergent culture of negotiation in collaborative virtual communities: the case of the DomeCityMOO,"[('Elaine M. Raybourn', '/profile/81100078614')]"
21,Post-crisis domestic procurement network to facilitate humanitarian assistance: a case of Sudan,"[('Weixi Gong', '/profile/81100009736')]"
22,A resilient communication structure for local area networks,"[('Amr El Abbadi', '/profile/81100403960'), ('Thomas Rauchle', '/profile/81384621193')]"
23,"Designing Multiagent Decision Support System "" The Case of Transportation Management","[('S. Ossowski', '/profile/81100056520'), ('A. Fernandez', '/profile/81100386964'), ('J. M. Serrano', '/profile/81100128045'), ('J. L. Perez-de-la-Cruz', '/profile/81100312137'), ('M. V. Belmonte', '/profile/81100592282'), ('J. Z. Hernandez', '/profile/81100254795'), ('A. M. Garcia-Serrano', '/profile/81100538266'), ('J. M. Maseda', '/profile/81100300069')]"
24,HTML: Hierarchical Transformer-based Multi-task Learning for Volatility Prediction,"[('Linyi Yang', '/profile/99659535879'), ('Tin Lok James Ng', '/profile/99659535551'), ('Barry Smyth', '/profile/81100297638'), ('Riuhai Dong', '/profile/99659537983')]"
25,Improved algorithms for population recovery from the deletion channel,"[('Shyam Narayanan', '/profile/99659689773')]"
26,Compact native code generation for dynamic languages on micro-core architectures,"[('Maurice Jamieson', '/profile/99659676585'), ('Nick Brown', '/profile/81553102056')]"
27,Improving Humanitarian Aid Information Management Workflow for Disaster Relief Team,"[('Suzila Mohd', '/profile/99659669571'), ('Mohamad Syazli Fathi', '/profile/81557915456'), ('Aizul Nahar Harun', '/profile/99659670486')]"
28,Cloud Computing Operation Management Platform for Internet of Things of Construction Machinery,"[('Lei Wu', '/profile/99660026591'), ('Xianjin Lin', '/profile/99660044960')]"
29,Emergent Communication under Competition,"[('Michael Noukhovitch', '/profile/99659694814'), ('Travis LaCroix', '/profile/99659695089'), ('Angeliki Lazaridou', '/profile/81485659419'), ('Aaron Courville', '/profile/81100464337')]"
30,Representation of humanitarian aid/disaster relief missions with an agent based model to analyze optimal resource placement,"[('Andrew Turner', '/profile/99659397287'), ('Santiago Balestrini-Robinson', '/profile/81553176756'), ('Dimitri Mavris', '/profile/81100498103')]"
31,Exploring Sequence Feature Alignment for Domain Adaptive Detection Transformers,"[('Wen Wang', '/profile/99659894802'), ('Yang Cao', '/profile/81474676316'), ('Jing Zhang', '/profile/99659565067'), ('Fengxiang He', '/profile/99659896496'), ('Zheng-Jun Zha', '/profile/81337494695'), ('Yonggang Wen', '/profile/81486648394'), ('Dacheng Tao', '/profile/81100159571')]"
32,Health aspects of wireless communication: personal wireless communication radiation and the eye lens,"[('James C. Lin', '/profile/81408601752')]"
33,Emergent Communication under Competition,"[('Michael Noukhovitch', '/profile/99659694814'), ('Travis LaCroix', '/profile/99659695089'), ('Angeliki Lazaridou', '/profile/81485659419'), ('Aaron Courville', '/profile/81100464337')]"
34,Except for exception handling …,"[('Alexander Romanovsky', '/profile/81100534443'), ('Bo Sandén', '/profile/81100003908')]"
35,Predicting Viewer Perceived Emotions in Animated GIFs,"[('Brendan Jou', '/profile/81508707239'), ('Subhabrata Bhattacharya', '/profile/81314480999'), ('Shih-Fu Chang', '/profile/81406599942')]"
36,An operational semantics of multitasking and exception handling in Ada,"[('Wei Li', '/profile/99659337245')]"
37,Semantic type qualifiers,"[('Brian Chin', '/profile/81100656814'), ('Shane Markstrum', '/profile/81100292142'), ('Todd Millstein', '/profile/81100018064')]"
38,Relational semantics for effect-based program transformations: higher-order store,"[('Nick Benton', '/profile/81100165244'), ('Andrew Kennedy', '/profile/81100450709'), ('Lennart Beringer', '/profile/81335488012'), ('Martin Hofmann', '/profile/81452607849')]"
39,Highly Scalable Genotype Phasing by Entropy Minimization,"[('Alexander Gusev', '/profile/81367596424'), ('Ion I. Măndoiu', '/profile/81100460267'), ('Bogdan Paşaniuc', '/profile/81367590849')]"
40,Crisis communication: a comparative study of communication patterns across crisis events in social media,"[('Hernan Sarmiento', '/profile/99659273067'), ('Barbara Poblete', '/profile/81100509285')]"
41,Predatory scholarly publishing,"[('Moshe Y. Vardi', '/profile/81100371692')]"
42,Session details: Homeland security/emergency response: simulation for emergency management,"[('Sanjay Jain', '/profile/81553178056')]"
43,"Coloniality, reproduction, and the climate crisis, or: how do we survive when the land is crumbling under our feet?","[('Luiza Prado de Oliveira Martins', '/profile/99659668360')]"
44,A cognitive account of collective emergence in design,"[('Benjamin G. Shaw', '/profile/81413602085')]"
45,Emergent Communication under Competition,"[('Michael Noukhovitch', '/profile/99659694814'), ('Travis LaCroix', '/profile/99659695089'), ('Angeliki Lazaridou', '/profile/81485659419'), ('Aaron Courville', '/profile/81100464337')]"
46,Crisis communication: a comparative study of communication patterns across crisis events in social media,"[('Hernan Sarmiento', '/profile/99659273067'), ('Barbara Poblete', '/profile/81100509285')]"
47,A blockchain based incentive scheme for post disaster opportunistic communication over DTN,"[('Chandrima Chakrabarti', '/profile/99659335342'), ('Souvik Basu', '/profile/81310502532')]"
48,Problems and Countermeasures for Disaster Reduction in China's Remote Rural Areas,"[('Ning Wang', '/profile/81321499313'), ('Hongyu Huang', '/profile/81490655233'), ('Yanzhang Wang', '/profile/99659624655'), ('Hui Li', '/profile/99659605226'), ('Liming Li', '/profile/81444602714')]"
49,"Network communities, community networks","[('John M. Carroll', '/profile/81350576124'), ('Mary Beth Rosson', '/profile/81335496622')]"
50,Decentralized Semantic Identity,"[('José G. Faísca', '/profile/99659077515'), ('José Q. Rogado', '/profile/99659078767')]"
51,Drone monitoring system for disaster areas,"[('Patrick Hock', '/profile/99659284151'), ('Koki Wakiyama', '/profile/99659445092'), ('Chika Oshima', '/profile/81100329356'), ('Koichi Nakayama', '/profile/81448599426')]"
52,Learn to Sketch (Even if You Can't Draw): Hands-on Sketching Course,"[('Stephanie Foehrenbach', '/profile/81442616146')]"
53,Hyperbolic geometry: an introduction for computer science students,"[('Edgar N. Reyes', '/profile/81467656516'), ('Carl Steidley', '/profile/81100178419')]"
54,Emergent geometry: procedural modeling through behavior,"[('/action/highlight?doi=10.1145%2F1280720.1280725&query=Title%3A%28Emergent+Complex+Network+Geometry%29Highlights', '#')]"
55,On the Pitfalls of Measuring Emergent Communication,"[('Ryan Lowe', '/profile/99659325531'), ('Jakob Foerster', '/profile/99659218441'), ('Y-Lan Boureau', '/profile/81508707140'), ('Joelle Pineau', '/profile/81100040835'), ('Yann Dauphin', '/profile/81488668253')]"
56,Emergent Communication under Competition,"[('Michael Noukhovitch', '/profile/99659694814'), ('Travis LaCroix', '/profile/99659695089'), ('Angeliki Lazaridou', '/profile/81485659419'), ('Aaron Courville', '/profile/81100464337')]"
57,On the Pitfalls of Measuring Emergent Communication,"[('Ryan Lowe', '/profile/99659325531'), ('Jakob Foerster', '/profile/99659218441'), ('Y-Lan Boureau', '/profile/81508707140'), ('Joelle Pineau', '/profile/81100040835'), ('Yann Dauphin', '/profile/81488668253')]"
58,A framework for disaster management using wireless ad hoc networks,"[('Niranjan Kumar Ray', '/profile/81481645399'), ('Ashok Kumar Turuk', '/profile/81392606590')]"
59,Multiservice UAVs for Emergency Tasks in Post-disaster Scenarios,"[('Francesco Malandrino', '/profile/81418598897'), ('Cristina Rottondi', '/profile/83458796257'), ('Carla-Fabiana Chiasserini', '/profile/81100011731'), ('Andrea Bianco', '/profile/81100305196'), ('Ioannis Stavrakakis', '/profile/81100309658')]"
60,Quantifying Timing-Based Information Flow in Cryptographic Hardware,"[('Baolei Mao', '/profile/99658655350'), ('Wei Hu', '/profile/81466642370'), ('Alric Althoff', '/profile/99658759956'), ('Janarbek Matai', '/profile/81460656436'), ('Jason Oberg', '/profile/81414616009'), ('Dejun Mu', '/profile/81375600312'), ('Timothy Sherwood', '/profile/81100522468'), ('Ryan Kastner', '/profile/81100355123')]"
61,Intrinsically motivated exploration via intrinsic value calculation,"[('Benjamin W. Martin', '/profile/81501661354'), ('Itamar Arel', '/profile/81467645256')]"
62,Emergent ad hoc sensor network connectivity in large-scale disaster zones,"[('Osher Yadgar', '/profile/81100293733')]"
63,Simulating virtual crowds in emergency situations,"[('Adriana Braun', '/profile/81309491432'), ('Bardo E. J. Bodmann', '/profile/81309489204'), ('Soraia R. Musse', '/profile/81332517802')]"
64,Small disaster relief robots with swarm intelligence routing,"[('Subramanium Ganesan', '/profile/81458653757'), ('Manish Shakya', '/profile/81501674291'), ('Aqueel F. Aqueel', '/profile/81501679034'), ('Lakshmi M. Nambiar', '/profile/81501682817')]"
65,Resource management in a decentralized system,"[('Daniel H. Craft', '/profile/81100085927')]"
66,"Stochastic Geometry Modeling of Cellular Networks: Analysis, Simulation and Experimental Validation","[('Wei Lu', '/profile/99660779691'), ('Marco Di Renzo', '/profile/83358800057')]"
67,Semi-supervised truth discovery,"[('Xiaoxin Yin', '/profile/99659565257'), ('Wenzhao Tan', '/profile/81460649965')]"
68,Coordinating disaster emergency response with heuristic reinforcement learning,"[('Zhou Yang', '/profile/99659916642'), ('Long Nguyen', '/profile/99659459815'), ('Jiazhen Zhu', '/profile/99659916754'), ('Zhenhe Pan', '/profile/99659543368'), ('Jia Li', '/profile/99659917355'), ('Fang Jin', '/profile/99659459552')]"
69,Joint power and beamforming optimization of UAV-assisted NOMA networks for B5G-enabled smart cities,"[('Noor Waqar', '/profile/99659892541'), ('Syed Ali Hassan', '/profile/87259413757'), ('Aamir Mahmood', '/profile/99659278774'), ('Mikael Gidlund', '/profile/81100578122'), ('Haejoon Jung', '/profile/99659586717')]"
70,Event Detection on Curated Tweet Streams,"[('Nimesh Ghelani', '/profile/99659191005'), ('Salman Mohammed', '/profile/99659191761'), ('Shine Wang', '/profile/99659192603'), ('Jimmy Lin', '/profile/81471640432')]"
71,Attack Resilient Underwater Networks Through Software Defined Networking,"[('Giovanni Toso', '/profile/86158653857'), ('Daniele Munaretto', '/profile/81453659446'), ('Mauro Conti', '/profile/81331490994'), ('Michele Zorzi', '/profile/81100200991')]"
72,Social Media Effectiveness for Public Engagement: Example of Small Nonprofits,"[('Youyang Hou', '/profile/99658695768'), ('Cliff Lampe', '/profile/99659334068')]"
73,Service Structure Mechanism Based on Edge Computing in Emergency Disaster Recovery Scenario,"[('Ting Xing', '/profile/99659445621'), ('Kang Lu', '/profile/99659445598'), ('Mengyu Li', '/profile/99659445834'), ('Xushan Chen', '/profile/99659445873')]"
74,Reverse Engineering Human Mobility in Large-scale Natural Disasters,"[('Milan Stute', '/profile/99659221234'), ('Max Maass', '/profile/99658728748'), ('Tom Schons', '/profile/99658727246'), ('Matthias Hollick', '/profile/81100325093')]"
75,Public health management facing disaster response: a business process simulation perspective,"[('Emilio Sulis', '/profile/99659066439'), ('Antonio Di Leva', '/profile/81100170481')]"
76,Tracking Down Sources of Spoofed IP Packets,"[('Osvaldo Fonseca', '/profile/99658643617'), ('Ítalo Cunha', '/profile/81100566102'), ('Elverton Fazzion', '/profile/99658652630'), ('Brivaldo Junior', '/profile/99659295957'), ('Ronaldo A. Ferreira', '/profile/81100245036'), ('Ethan Katz-Bassett', '/profile/81319494709')]"
77,Collaborative symptoms interpretation for cardiac patients as diagnostic agents,"[('Maria Kjærup', '/profile/99659260330'), ('Stefania Kouzeli', '/profile/99659261979'), ('Mikael B. Skov', '/profile/81502723616'), ('Jesper Kjeldskov', '/profile/81548020677'), ('Charlotte S. Skov', '/profile/99658697105'), ('Peter Søgaard', '/profile/99659260462')]"
78,Building interstellar's black hole: the gravitational renderer,"[('Oliver James', '/profile/81320491067'), ('Sylvan Dieckmann', '/profile/99658729875'), ('Simon Pabst', '/profile/81351601516'), ('Paul-George H. Roberts', '/profile/99658729523'), ('Kip S. Thorne', '/profile/99658729325')]"
79,Generic behaviour similarity measures for evolutionary swarm robotics,"[('Jorge Gomes', '/profile/81488665678'), ('Anders L. Christensen', '/profile/81339494727')]"
80,Privacy-Utility Tradeoffs in Routing Cryptocurrency over Payment Channel Networks,"[('Weizhao Tang', '/profile/99659538875'), ('Weina Wang', '/profile/81557411656'), ('Giulia Fanti', '/profile/87959020057'), ('Sewoong Oh', '/profile/99659926677')]"
81,Twitter in disaster mode: opportunistic communication and distribution of sensor data in emergencies,"[('Theus Hossmann', '/profile/81367595196'), ('Franck Legendre', '/profile/81367597737'), ('Paolo Carta', '/profile/81492655292'), ('Per Gunningberg', '/profile/81100357694'), ('Christian Rohner', '/profile/81100072656')]"
82,Cellular hardware and symbolic computation,"[('T. Legendi', '/profile/81100304088')]"
83,ICT Practitioners’ Perception of Working from Home During the Covid-19 Pandemic: Exploring Gender Differences,"[('Edna Dias Canedo', '/profile/81508706852'), ('Angelica Calazans', '/profile/81100590415'), ('Geovana Silva', '/profile/99660243969'), ('Eloisa Masson', '/profile/99659657099')]"
84,Empirical evidence of information overload constraining chat channel community interactions,"[('Quentin Jones', '/profile/81100554718'), ('Mihai Moldovan', '/profile/81384592582'), ('Daphne Raban', '/profile/81310487460'), ('Brian Butler', '/profile/81100547938')]"
85,Bridging the Latency Gap between NVM and DRAM for Latency-bound Operations,"[('Georgios Psaropoulos', '/profile/99659228530'), ('Ismail Oukid', '/profile/89758806457'), ('Thomas Legler', '/profile/81100211597'), ('Norman May', '/profile/81100190328'), ('Anastasia Ailamaki', '/profile/81548007362')]"
86,Technology has social consequences,"[('Moshe Y. Vardi', '/profile/81100371692')]"
87,Mapping the Landscape of COVID-19 Crisis Visualizations,"[('Yixuan Zhang', '/profile/99659723371'), ('Yifan Sun', '/profile/99659092922'), ('Lace Padilla', '/profile/99659093633'), ('Sumit Barua', '/profile/99659702354'), ('Enrico Bertini', '/profile/81100628712'), ('Andrea G Parker', '/profile/81556858356')]"
88,Measurement of Inter-Frequency Small Cell in Heterogeneous Networks,"[('Hyung-Deug Bae', '/profile/81484650873'), ('Jae-Wook Shin', '/profile/87258877957'), ('Pyeong-Jung Song', '/profile/81460640541')]"
89,Scheduling Post-disaster Repairs in Electricity Distribution Networks with Uncertain Repair Times,"[('Yushi Tan', '/profile/99659526748'), ('Arindam K. Das', '/profile/99659528026'), ('Mareldi Ahumada-Paras', '/profile/99659526500'), ('Payman Arabshahi', '/profile/81100628634'), ('Daniel S. Kirschen', '/profile/81493647672')]"
90,Mobile phone usage data for disaster response,"[('Thomas R. C. Smallwood', '/profile/99660049061'), ('Véronique Lefebvre', '/profile/99660050015'), ('Linus Bengtsson', '/profile/99660050222')]"
91,Robots compete in disaster scenarios,"[('Logan Kugler', '/profile/81367598959')]"
92,Information requirements for national level cyber situational awareness,"[('Stefan Varga', '/profile/99659797650'), ('Joel Brynielsson', '/profile/81430640973'), ('Ulrik Franke', '/profile/81416596597')]"
93,An empirical assessment of IT disaster risk,"[('William Lewis', '/profile/99659411349'), ('Richard T. Watson', '/profile/81452614454'), ('Ann Pickren', '/profile/81100152556')]"
94,DENAS: automated rule generation by knowledge extraction from neural networks,"[('Simin Chen', '/profile/99659629325'), ('Soroush Bateni', '/profile/99659308393'), ('Sampath Grandhi', '/profile/99659646282'), ('Xiaodi Li', '/profile/99659633240'), ('Cong Liu', '/profile/81548031585'), ('Wei Yang', '/profile/99658631981')]"
95,On Emergent Communication in Competitive Multi-Agent Teams,"[('Paul Pu Liang', '/profile/99659217897'), ('Jeffrey Chen', '/profile/99659286843'), ('Ruslan Salakhutdinov', '/profile/81100562217'), ('Louis-Philippe Morency', '/profile/81100300540'), ('Satwik Kottur', '/profile/99659232298')]"
96,Community detection in social tagging systems based semantics of tags,"[('Mengmeng Shen', '/profile/99659273462'), ('Jun Wang', '/profile/81361596500'), ('Xingyan Liu', '/profile/99659274254')]"
97,Towards a 2-Way Communication and Analytics Platform for Emergency Response and Post-Emergency Recovery Efforts in Sierra Leone,"[('Meenal Pore', '/profile/99658767568'), ('Nuri Purswani', '/profile/99658766652'), ('Reginald E. Bryant', '/profile/88158850457'), ('Purity Mugambi', '/profile/99658765229'), ('Osamuyimen Stewart', '/profile/81413597445')]"
98,CO-ALERT: A Tool for Personalizing COVID-19 Emergency Alert Messages to Support Older Adults,"[('Minki Chun', '/profile/99659873933'), ('Suin Gwak', '/profile/99659872691'), ('Hyunggu Jung', '/profile/81488652289')]"
99,"Capacity, Bandwidth, and Compositionality in Emergent Language Learning","[('Cinjon Resnick', '/profile/99659336902'), ('Abhinav Gupta', '/profile/99659530143'), ('Jakob Foerster', '/profile/99659218441'), ('Andrew M. Dai', '/profile/99659048763'), ('Kyunghyun Cho', '/profile/81488664147')]"
100,Emergent Communication under Competition,"[('Michael Noukhovitch', '/profile/99659694814'), ('Travis LaCroix', '/profile/99659695089'), ('Angeliki Lazaridou', '/profile/81485659419'), ('Aaron Courville', '/profile/81100464337')]"
101,Session details: Session 3: Emerging Networking Paradigms,"[('Kay Römer', '/profile/81100411905')]"
102,"Activity-based prototyping of ubicomp applications for long-lived, everyday human activities","[('Yang Li', '/profile/81350580013'), ('James A. Landay', '/profile/81100103519')]"
103,Emergent leadership in small groups using computer-mediated communication,"[('Ryoko Yamaguchi', '/profile/81447594504'), ('Nathan Bos', '/profile/81100632322'), ('Judy Olson', '/profile/81350567367')]"
104,Emergent gummy modules: modular representation of emergent behavior,"[('Somayeh Malakuti', '/profile/81453631397'), ('Mehmet Aksit', '/profile/81100296736')]"
105,Investigating the Role of Moral Decision-Making in Emerging Artificial Intelligence Technologies,"[('Sarah Joy Bennett', '/profile/99659481546')]"
106,P2P VoD using the self-organizing gradient overlay network,"[('Gautier Berthou', '/profile/81464672753'), ('Jim Dowling', '/profile/81100518315')]"
107,Does Spread Really Reflect the Crisis?: The Empirical Evidence from China Bond Market,"[('Yun Xie', '/profile/99659305389'), ('Yi-xiang Tian', '/profile/99659306708')]"
108,Simulation based analysis on different logistics solutions for fresh food supply chain,"[('Agostino G. Bruzzone', '/profile/81100057213'), ('Marina Massei', '/profile/81351597684'), ('Simonluca Poggi', '/profile/81367593913')]"
109,Visualizing Social Media Sentiment in Disaster Scenarios,"[('Yafeng Lu', '/profile/99658718820'), ('Xia Hu', '/profile/81453623389'), ('Feng Wang', '/profile/81508682119'), ('Shamanth Kumar', '/profile/81500642291'), ('Huan Liu', '/profile/81367594306'), ('Ross Maciejewski', '/profile/81363590851')]"
110,Deep learning benchmarks and datasets for social media image classification for disaster response,"[('Firoj Alam', '/profile/99658645960'), ('Ferda Ofli', '/profile/81558202256'), ('Muhammad Imran', '/profile/81485650215'), ('Tanvirul Alam', '/profile/99659916770'), ('Umair Qazi', '/profile/99659537823')]"
111,Disaster Assessment from Satellite Imagery by Analysing Topographical Features Using Deep Learning,"[('Saramsha Dotel', '/profile/99659531106'), ('Avishekh Shrestha', '/profile/99659531972'), ('Anish Bhusal', '/profile/99659531810'), ('Ramesh Pathak', '/profile/99659531072'), ('Aman Shakya', '/profile/99659362733'), ('Sanjeeb Prasad Panday', '/profile/81461651767')]"
112,Investigating Collaboration Within Online Communities: Software Development vs. Artistic Creation,"[('Giuseppe Iaffaldano', '/profile/99659235360')]"
113,Networked Multi-Agent Reinforcement Learning with Emergent Communication,"[('Shubham Gupta', '/profile/99659338498'), ('Rishi Hazra', '/profile/99659530145'), ('Ambedkar Dukkipati', '/profile/99660268182')]"
114,Multi-Agent Curricula and Emergent Implicit Signaling,"[('Niko A. Grupen', '/profile/99660347840'), ('Daniel D. Lee', '/profile/99659448107'), ('Bart Selman', '/profile/81100362071')]"
115,Directedness and persistence in audio-visual interface for emergent users,"[('Abhishek Shrivastava', '/profile/81500650532'), ('Anirudha Joshi', '/profile/81100643208')]"
116,Security Challenges Posed by Quantum Computing on Emerging Technologies,"[('Abdelrahman Abuarqoub', '/profile/99658997366')]"
117,Phase transitions of opportunistic communication,"[('Pan Hui', '/profile/81548028286'), ('Anders Lindgren', '/profile/81100382794')]"
118,On Emergent Communication in Competitive Multi-Agent Teams,"[('Paul Pu Liang', '/profile/99659217897'), ('Jeffrey Chen', '/profile/99659286843'), ('Ruslan Salakhutdinov', '/profile/81100562217'), ('Louis-Philippe Morency', '/profile/81100300540'), ('Satwik Kottur', '/profile/99659232298')]"
119,Emergent Communication under Competition,"[('Michael Noukhovitch', '/profile/99659694814'), ('Travis LaCroix', '/profile/99659695089'), ('Angeliki Lazaridou', '/profile/81485659419'), ('Aaron Courville', '/profile/81100464337')]"
120,Networked Multi-Agent Reinforcement Learning with Emergent Communication,"[('Shubham Gupta', '/profile/99659338498'), ('Rishi Hazra', '/profile/99659530145'), ('Ambedkar Dukkipati', '/profile/99660268182')]"
121,Towards energy-efficient UAV-assisted 5G internet of underwater things,"[('Sandeep Verma', '/profile/99660219721'), ('Shahbaz Akhtar', '/profile/99660609455'), ('Aneek Adhya', '/profile/81502804210'), ('Varun G Menon', '/profile/99659585964')]"
122,Emergence of community structures in vowel inventories: an analysis based on complex networks,"[('Animesh Mukherjee', '/profile/81100653390'), ('Monojit Choudhury', '/profile/81313483944'), ('Anupam Basu', '/profile/81100646311'), ('Niloy Ganguly', '/profile/81100305563')]"
123,Understanding and supporting emergent and temporary collaboration across and beyond community and organizational boundaries,"[('Khuloud Abou Amsha', '/profile/99659002714'), ('Erik Grönvall', '/profile/81100612707'), ('Joanna Saad-Sulonen', '/profile/81385594838'), ('Claus Bossen', '/profile/81100029076')]"
124,Performance assessment of real-time estimation of continuous-time stochastic volatility of financial data on GPUs,"[('Daniel Krulewich', '/profile/99658729283'), ('Junqi Yin', '/profile/99658618428'), ('Brent H. Bundick', '/profile/99658729429'), ('Yong Zeng', '/profile/99658729786')]"
125,Towards emergence of communication: a cognitive developmental robotics approach,"[('Minoru Asada', '/profile/81100515894')]"
126,Emergent semantics from game-induced folksonomies,"[('Lilian Weng', '/profile/81500645383'), ('Filippo Menczer', '/profile/81100513282')]"
127,Emergence of terminological conventions as an author-searcher coordination game,"[('David Bodoff', '/profile/81100630234'), ('Sheizaf Rafaeli', '/profile/81100505446')]"
128,Identifying emergent leadership in small groups using nonverbal communicative cues,"[('Dairazalia Sanchez-Cortes', '/profile/81447601944'), ('Oya Aran', '/profile/81321488810'), ('Marianne Schmid Mast', '/profile/81548025689'), ('Daniel Gatica-Perez', '/profile/81100273781')]"
129,Towards emergence of communication: a cognitive developmental robotics approach,"[('Minoru Asada', '/profile/81100515894')]"
130,A model for the configurable composition and synchronization of complex trading activities,"[('Yain-Whar Si', '/profile/99660230385'), ('David Edmond', '/profile/81100241814'), ('Arthur H. M. ter Hofstede', '/profile/81452617895'), ('Marlon Dumas', '/profile/81100557599')]"
131,Analyzing the UAVs Traffic Flow to Enhance the Drone's Anonymization on the Internet of Drones,"[('Alisson R. Svaigen', '/profile/99659279289'), ('Azzedine Boukerche', '/profile/81100118461'), ('Linnyer B. Ruiz', '/profile/81100630846'), ('Antonio A. F. Loureiro', '/profile/81100219450')]"
132,Increased reproducibility and comparability of data leak evaluations using ExOT,"[('Philipp Miedl', '/profile/99659000586'), ('Bruno Klopott', '/profile/99659545393'), ('Lothar Thiele', '/profile/81100389521')]"
133,Symbol Emergence in Robotics for Modeling Human-Agent Interaction,"[('Takayuki Nagai', '/profile/81331500123')]"
134,Networked Multi-Agent Reinforcement Learning with Emergent Communication,"[('Shubham Gupta', '/profile/99659338498'), ('Rishi Hazra', '/profile/99659530145'), ('Ambedkar Dukkipati', '/profile/99660268182')]"
135,"Jorn barger, the newspage network and the emergence of the weblog community","[('Rudolf Ammann', '/profile/81436595211')]"
136,Towards Recommender Systems with Community Detection and Quantum Computing,"[('Riccardo Nembrini', '/author/Nembrini%2C+Riccardo'), ('Costantino Carugno', '/profile/99660569676'), ('Maurizio Ferrari Dacrema', '/profile/99659309976'), ('Paolo Cremonesi', '/profile/81100653829')]"
137,A case for relativistic programming,"[('Philip W. Howard', '/profile/81487647797'), ('Jonathan Walpole', '/profile/81410594844')]"
138,Emergent Communication under Competition,"[('Michael Noukhovitch', '/profile/99659694814'), ('Travis LaCroix', '/profile/99659695089'), ('Angeliki Lazaridou', '/profile/81485659419'), ('Aaron Courville', '/profile/81100464337')]"
139,Symbol Emergence in Robotics for Modeling Human-Agent Interaction,"[('Takayuki Nagai', '/profile/81331500123')]"
140,Emergence of communication in competitive multi-agent systems: a pareto multi-objective approach,"[('Michelle McPartland', '/profile/81100571161'), ('Stefano Nolfi', '/profile/81100194859'), ('Hussein A. Abbass', '/profile/81100088814')]"
141,Evolving recurrent neural networks for emergent communication,"[('Joshua Sirota', '/profile/99659444767'), ('Vadim Bulitko', '/profile/81100495232'), ('Matthew R G Brown', '/profile/99659524453'), ('Sergio Poo Hernandez', '/profile/99659085148')]"
142,Networked Multi-Agent Reinforcement Learning with Emergent Communication,"[('Shubham Gupta', '/profile/99659338498'), ('Rishi Hazra', '/profile/99659530145'), ('Ambedkar Dukkipati', '/profile/99660268182')]"
143,Emergence of human language: a DEVS-based systems approach,"[('Bernard P Zeigler', '/profile/81452614233')]"
144,Emergent Communication under Competition,"[('Michael Noukhovitch', '/profile/99659694814'), ('Travis LaCroix', '/profile/99659695089'), ('Angeliki Lazaridou', '/profile/81485659419'), ('Aaron Courville', '/profile/81100464337')]"
145,Emergence of community structures in vowel inventories: an analysis based on complex networks,"[('Animesh Mukherjee', '/profile/81100653390'), ('Monojit Choudhury', '/profile/81313483944'), ('Anupam Basu', '/profile/81100646311'), ('Niloy Ganguly', '/profile/81100305563')]"
146,Emergence of community structures in vowel inventories: an analysis based on complex networks,"[('Animesh Mukherjee', '/profile/81100653390'), ('Monojit Choudhury', '/profile/81313483944'), ('Anupam Basu', '/profile/81100646311'), ('Niloy Ganguly', '/profile/81100305563')]"
147,Emergence of community structures in vowel inventories: an analysis based on complex networks,"[('Animesh Mukherjee', '/profile/81100653390'), ('Monojit Choudhury', '/profile/81313483944'), ('Anupam Basu', '/profile/81100646311'), ('Niloy Ganguly', '/profile/81100305563')]"
148,Creating emergent behaviors: two robotics labs that combine reactive behaviors,"[('Robert M. Harlan', '/profile/81100207922'), ('Shelley McClarigan', '/profile/81100173961')]"
149,Towards emergence of communication: a cognitive developmental robotics approach,"[('Minoru Asada', '/profile/81100515894')]"
150,On Emergent Communication in Competitive Multi-Agent Teams,"[('Paul Pu Liang', '/profile/99659217897'), ('Jeffrey Chen', '/profile/99659286843'), ('Ruslan Salakhutdinov', '/profile/81100562217'), ('Louis-Philippe Morency', '/profile/81100300540'), ('Satwik Kottur', '/profile/99659232298')]"
151,Practical Skew Handling in Parallel Joins,"[('David J. DeWitt', '/profile/81100113216'), ('Jeffrey F. Naughton', '/profile/81100509752'), ('Donovan A. Schneider', '/profile/81100155642'), ('S. Seshadri', '/profile/81100151713')]"
152,Emergence of community structures in vowel inventories: an analysis based on complex networks,"[('Animesh Mukherjee', '/profile/81100653390'), ('Monojit Choudhury', '/profile/81313483944'), ('Anupam Basu', '/profile/81100646311'), ('Niloy Ganguly', '/profile/81100305563')]"
153,Networked Multi-Agent Reinforcement Learning with Emergent Communication,"[('Shubham Gupta', '/profile/99659338498'), ('Rishi Hazra', '/profile/99659530145'), ('Ambedkar Dukkipati', '/profile/99660268182')]"
154,Multi-modal communication system,"[('Victor S. Finomore', '/profile/81447602998'), ('Dianne K. Popik', '/profile/81447603970'), ('Douglas S. Brungart', '/profile/81309501090'), ('Brian D. Simpson', '/profile/81309510531')]"
155,Emerging trends in network forensics,"[('Shahram Heydari', '/profile/81436601652'), ('Miguel Vargas Martin', '/profile/81456621146'), ('Walid Rjaibi', '/profile/81100446302'), ('Xiaodong Lin', '/profile/81100220193')]"
156,Emergence of structural bias in differential evolution,"[('Bas van Stein', '/profile/99659185957'), ('Fabio Caraffini', '/profile/81502795936'), ('Anna V. Kononova', '/profile/81496687017')]"
157,Emergent properties in ad-hoc networks: a security perspective,"[('Virgil D. Gligor', '/profile/81100240914')]"
158,Towards small world emergence,"[('Philippe Duchon', '/profile/81317488525'), ('Nicolas Hanusse', '/profile/81100391285'), ('Emmanuelle Lebhar', '/profile/81100281896'), ('Nicolas Schabanel', '/profile/81100488507')]"
159,Demystifying Emergent Intelligence and Its Effect on Performance In Large Robot Swarms,"[('John Harwell', '/profile/99659530532'), ('London Lowmanstone', '/profile/99659530124'), ('Maria Gini', '/profile/81100208220')]"
160,Quantum secure direct communication based on orbital angular momentum,"[('Hong Lai', '/profile/81503690002'), ('Liling Zhang', '/profile/99659449855'), ('Yanrong Zhu', '/profile/99659447788')]"
161,Student leaders,"[('Karen McRitchie', '/profile/81100155875')]"
162,From object evolution to object emergence,"[('Dalila Tamzalit', '/profile/81100662350'), ('Chabane Oussalah', '/profile/81100047246')]"
163,On Emergent Communication in Competitive Multi-Agent Teams,"[('Paul Pu Liang', '/profile/99659217897'), ('Jeffrey Chen', '/profile/99659286843'), ('Ruslan Salakhutdinov', '/profile/81100562217'), ('Louis-Philippe Morency', '/profile/81100300540'), ('Satwik Kottur', '/profile/99659232298')]"
164,Networked Multi-Agent Reinforcement Learning with Emergent Communication,"[('Shubham Gupta', '/profile/99659338498'), ('Rishi Hazra', '/profile/99659530145'), ('Ambedkar Dukkipati', '/profile/99660268182')]"
165,Using any surface to realize a new paradigm for wireless communications,"[('C. Liaskos', '/profile/81488672576'), ('A. Tsioliaridou', '/profile/81312483719'), ('A. Pitsillides', '/profile/81100507984'), ('S. Ioannidis', '/profile/81100425340'), ('I. Akyildiz', '/profile/81100069285')]"
166,Prescriptive analytics: a survey of emerging trends and technologies,"[('Davide Frazzetto', '/author/Frazzetto%2C+Davide'), ('Thomas Dyhre Nielsen', '/author/Nielsen%2C+Thomas+Dyhre'), ('Torben Bach Pedersen', '/author/Pedersen%2C+Torben+Bach'), ('Laurynas Šikšnys', '/author/%C5%A0ik%C5%A1nys%2C+Laurynas')]"
167,Networked Multi-Agent Reinforcement Learning with Emergent Communication,"[('Shubham Gupta', '/profile/99659338498'), ('Rishi Hazra', '/profile/99659530145'), ('Ambedkar Dukkipati', '/profile/99660268182')]"
168,Dual Part Discovery Network for Zero-Shot Learning,"[('Jiannan Ge', '/author/Ge%2C+Jiannan'), ('Hongtao Xie', '/author/Xie%2C+Hongtao'), ('Shaobo Min', '/author/Min%2C+Shaobo'), ('Pandeng Li', '/author/Li%2C+Pandeng'), ('Yongdong Zhang', '/author/Zhang%2C+Yongdong')]"
169,Networked Multi-Agent Reinforcement Learning with Emergent Communication,"[('Shubham Gupta', '/profile/99659338498'), ('Rishi Hazra', '/profile/99659530145'), ('Ambedkar Dukkipati', '/profile/99660268182')]"
170,Emergence of communication in competitive multi-agent systems: a pareto multi-objective approach,"[('Michelle McPartland', '/profile/81100571161'), ('Stefano Nolfi', '/profile/81100194859'), ('Hussein A. Abbass', '/profile/81100088814')]"
171,Emergent Communication under Competition,"[('Michael Noukhovitch', '/profile/99659694814'), ('Travis LaCroix', '/profile/99659695089'), ('Angeliki Lazaridou', '/profile/81485659419'), ('Aaron Courville', '/profile/81100464337')]"
172,Agent-based simulation for large-scale emergency response: A survey of usage and implementation,"[('Glenn I. Hawe', '/profile/81551034856'), ('Graham Coates', '/profile/81100363582'), ('Duncan T. Wilson', '/profile/81550949256'), ('Roger S. Crouch', '/profile/81472647612')]"
173,"Jorn barger, the newspage network and the emergence of the weblog community","[('Rudolf Ammann', '/profile/81436595211')]"
174,Research on Block Data Intelligent Platform of Urban Public Security Emergency Management,"[('Mingqiang Xia', '/profile/99659464375'), ('Lili Wan', '/profile/99659464358')]"
175,Emergent Communication under Competition,"[('Michael Noukhovitch', '/profile/99659694814'), ('Travis LaCroix', '/profile/99659695089'), ('Angeliki Lazaridou', '/profile/81485659419'), ('Aaron Courville', '/profile/81100464337')]"
176,Practical Skew Handling in Parallel Joins,"[('David J. DeWitt', '/profile/81100113216'), ('Jeffrey F. Naughton', '/profile/81100509752'), ('Donovan A. Schneider', '/profile/81100155642'), ('S. Seshadri', '/profile/81100151713')]"
177,"Emergence of learning in computer-supported, large-scale collective dynamics: a research agenda","[('Manu Kapur', '/profile/81316488825'), ('David Hung', '/profile/81316488655'), ('Michael Jacobson', '/profile/81100030660'), ('John Voiklis', '/profile/81317490061'), ('Charles K. Kinzer', '/profile/81100336595'), ('Chen Der-Thanq Victor', '/profile/81442604408')]"
178,Emergence of Scenario-Appropriate Collaborative Behaviors for Teams of Robotic Bodyguards,"[('Hassam Ullah Sheikh', '/profile/99659368861'), ('Ladislau Bölöni', '/profile/81100001464')]"
179,Challenges in designing interactive systems for emergency response,"[('Morten Kyng', '/profile/81100435567'), ('Esben Toftdahl Nielsen', '/profile/81314494414'), ('Margit Kristensen', '/profile/81311483791')]"
180,Behaviorally coupled emergent representation,"[('Joseph Lewis', '/profile/81369590687'), ('Jamie Lawson', '/profile/81547762556')]"
181,Intelligent navigation system for emergency vehicles,"[('M. Deva Priya', '/profile/99659487807'), ('A. Balamurugan', '/profile/99659487633'), ('E. Dhivyaprabha', '/profile/99659488032'), ('R. Vignesh', '/profile/99659487771'), ('L. R. Vishnu Varthan', '/profile/99659505841')]"
182,On Emergent Communication in Competitive Multi-Agent Teams,"[('Paul Pu Liang', '/profile/99659217897'), ('Jeffrey Chen', '/profile/99659286843'), ('Ruslan Salakhutdinov', '/profile/81100562217'), ('Louis-Philippe Morency', '/profile/81100300540'), ('Satwik Kottur', '/profile/99659232298')]"
183,Core Percolation in Coupled Networks,"[('Jiayu Pan', '/profile/99659188922'), ('Yuhang Yao', '/profile/99659188986'), ('Luoyi Fu', '/profile/81440609227'), ('Xinbing Wang', '/profile/81455605698')]"
184,Emergent Communication under Competition,"[('Michael Noukhovitch', '/profile/99659694814'), ('Travis LaCroix', '/profile/99659695089'), ('Angeliki Lazaridou', '/profile/81485659419'), ('Aaron Courville', '/profile/81100464337')]"
185,Emerging Technologies in K–12 Education: A Future HCI Research Agenda,"[('Maarten Van Mechelen', '/author/van+Mechelen%2C+Maarten'), ('Rachel Charlotte Smith', '/author/Smith%2C+Rachel+Charlotte'), ('Marie-Monique Schaper', '/author/Schaper%2C+Marie-Monique'), ('Mariana Aki Tamashiro', '/author/Tamashiro%2C+Mariana+Aki'), ('Karl-Emil Kjær Bilstrup', '/author/Bilstrup%2C+Karl-Emil+Kj%C3%A6r'), ('Mille Skovhus Lunding', '/author/Lunding%2C+Mille+Skovhus'), ('Marianne Graves Petersen', '/author/Petersen%2C+Marianne+Graves'), ('Ole Sejer Iversen', '/author/Iversen%2C+Ole+Sejer')]"
186,Emergence of communication in competitive multi-agent systems: a pareto multi-objective approach,"[('Michelle McPartland', '/profile/81100571161'), ('Stefano Nolfi', '/profile/81100194859'), ('Hussein A. Abbass', '/profile/81100088814')]"
187,The emergence of global properties from local interactions: static properties and one-dimensional patterns,"[('Daniel Yamins', '/profile/99660233072')]"
188,Agent metaphor for machine translation mediated communication,"[('Chunqi Shi', '/profile/99660040718'), ('Donghui Lin', '/profile/81548041274'), ('Toru Ishida', '/profile/81330492654')]"
189,From object evolution to object emergence,"[('Dalila Tamzalit', '/profile/81100662350'), ('Chabane Oussalah', '/profile/81100047246')]"
190,Prescriptive analytics: a survey of emerging trends and technologies,"[('Davide Frazzetto', '/author/Frazzetto%2C+Davide'), ('Thomas Dyhre Nielsen', '/author/Nielsen%2C+Thomas+Dyhre'), ('Torben Bach Pedersen', '/author/Pedersen%2C+Torben+Bach'), ('Laurynas Šikšnys', '/author/%C5%A0ik%C5%A1nys%2C+Laurynas')]"
191,Emergence of competitive and cooperative behavior using coevolution,"[('Padmini Rajagopalan', '/profile/81466644578'), ('Aditya Rawal', '/profile/81548042459'), ('Risto Miikkulainen', '/profile/81452617472')]"
192,Core-periphery clustering and collaboration networks,"[('Pierluigi Crescenzi', '/profile/81100450048'), ('Pierre Fraigniaud', '/profile/81100344705'), ('Zvi Lotker', '/profile/81100391608'), ('Paolo Penna', '/profile/81100438786')]"
193,A research program to assess user perceptions of group work support,"[('John Satzinger', '/profile/81100529796'), ('Lorne Olfman', '/profile/81100355524')]"
194,Research on the Construction and Design of University Emergency Information Sharing Platform for Unconventional Events,"[('He Ziti', '/profile/99659575966')]"
195,An emergent role for TV in social communication,"[('Doug Williams', '/profile/81384595245'), ('Marian F. Ursu', '/profile/81343507220'), ('Pablo Cesar', '/profile/81318497573'), ('Karl Bergström', '/profile/81479656709'), ('Ian Kegel', '/profile/81384605063'), ('Joshan Meenowa', '/profile/81435609553')]"
196,An ontology-oriented decision support system for emergency management based on information fusion,"[('Yaoci Han', '/profile/99659040726'), ('Wei Xu', '/profile/81453620494')]"
197,Transfer Learning for COVID-19 Pneumonia Detection and Classification in Chest X-ray Images,"[('Iason Katsamenis', '/profile/99659545496'), ('Eftychios Protopapadakis', '/profile/81550376556'), ('Athanasios Voulodimos', '/profile/81339534185'), ('Anastasios Doulamis', '/profile/81100547210'), ('Nikolaos Doulamis', '/profile/81100547184')]"
198,Towards emergent microservices for client-tailored design,"[('Roberto Rodrigues Filho', '/profile/99659094714'), ('Marcio Pereira de Sá', '/profile/99659362460'), ('Barry Porter', '/profile/81319499620'), ('Fábio M. Costa', '/profile/81452610442')]"
199,Attack Resilient Underwater Networks Through Software Defined Networking,"[('Giovanni Toso', '/profile/86158653857'), ('Daniele Munaretto', '/profile/81453659446'), ('Mauro Conti', '/profile/81331490994'), ('Michele Zorzi', '/profile/81100200991')]"
200,Emergence of Cooperation in Complex Agent Networks Based on Expectation of Cooperation: (Extended Abstract),"[('Ryosuke Shibusawa', '/profile/99658664391'), ('Tomoaki Otsuka', '/profile/87959161057'), ('Toshiharu Sugawara', '/profile/81100212247')]"
201,An emergent role for TV in social communication,"[('Doug Williams', '/profile/81384595245'), ('Marian F. Ursu', '/profile/81343507220'), ('Pablo Cesar', '/profile/81318497573'), ('Karl Bergström', '/profile/81479656709'), ('Ian Kegel', '/profile/81384605063'), ('Joshan Meenowa', '/profile/81435609553')]"
202,Emerging multidisciplinary research across database management systems,"[('Anisoara Nica', '/profile/81100320230'), ('Fabian M. Suchanek', '/profile/81317490234'), ('Aparna S. Varde', '/profile/81100188513')]"
203,"Reflective, deformable, colloidal display: a waterfall-based colloidal membrane using focused ultrasonic waves","[('Yoichi Ochiai', '/profile/81466641621'), ('Alexis Oyama Takayuki Hoshi', '/profile/82459164857'), ('Jun Rekimoto', '/profile/81100008564')]"
204,A Mobile-assisted Edge Computing Framework for Emerging IoT Applications,"[('Deke Guo', '/author/Guo%2C+Deke'), ('Siyuan Gu', '/author/Gu%2C+Siyuan'), ('Junjie Xie', '/author/Xie%2C+Junjie'), ('Lailong Luo', '/author/Luo%2C+Lailong'), ('Xueshan Luo', '/author/Luo%2C+Xueshan'), ('Yingwen Chen', '/author/Chen%2C+Yingwen')]"
205,Emergence of agent-based referral networks,"[('Bin Yu', '/profile/81100472076'), ('Munindar P. Singh', '/profile/81350589454')]"
206,Understanding the dynamics of information flow during disaster response using absorbing markov chains,"[('Yitong Li', '/profile/99659709270'), ('Wenying Ji', '/profile/99659722937')]"
207,Pre-hospital simulation model for medical disaster management,"[('Christophe Ullrich', '/profile/81552986956'), ('Filip Van Utterbeeck', '/profile/81553033556'), ('Emilie Dejardin', '/profile/99658640657'), ('Michel Debacker', '/profile/81553023456'), ('Erwin Dhondt', '/profile/81553131656')]"
208,Networked Multi-Agent Reinforcement Learning with Emergent Communication,"[('Shubham Gupta', '/profile/99659338498'), ('Rishi Hazra', '/profile/99659530145'), ('Ambedkar Dukkipati', '/profile/99660268182')]"
209,A combined tactical and strategic hierarchical learning framework in multi-agent games,"[('Chek Tien Tan', '/profile/81365592562'), ('Ho-lun Cheng', '/profile/81100098498')]"
210,Separate handles from names on the internet,"[(""Michael J. O'Donnell"", '/profile/81339520288')]"
211,Using clinical preferences in argumentation about evidence from clinical trials,"[('Anthony Hunter', '/profile/81100081072'), ('Matthew Williams', '/profile/81447599130')]"
212,Solving constrained optimization problems by using covariance matrix adaptation evolutionary strategy with constraint handling methods,"[('Miftah Bedru Jamal', '/profile/99659279455'), ('Fang Ming', '/profile/99659279071'), ('Jiang Zhengang', '/profile/99658665960')]"
213,Handling Boot Storms in Virtualized Data Centers—A Survey,"[('Durgesh Samant', '/profile/99659038650'), ('Umesh Bellur', '/profile/81100394653')]"
214,Processing complex aggregate queries over data streams,"[('Alin Dobra', '/profile/81100030224'), ('Minos Garofalakis', '/profile/81100428642'), ('Johannes Gehrke', '/profile/81452607023'), ('Rajeev Rastogi', '/profile/81100492739')]"
215,Prioritized Allocation of Emergency Responders based on a Continuous-Time Incident Prediction Model,"[('Ayan Mukhopadhyay', '/profile/99659026499'), ('Yevgeniy Vorobeychik', '/profile/81314492468'), ('Abhishek Dubey', '/profile/81312482618'), ('Gautam Biswas', '/profile/81100075566')]"
216,An n-gram frequency database reference to handle MWE extraction in NLP applications,"[('Patrick Watrin', '/profile/81388591567'), ('Thomas François', '/profile/81442613171')]"
217,Emergent Interfaces: Constructive Assembly of Identical Units,"[('Alexandru Dancu', '/profile/81549502256'), ('Catherine Hedler', '/profile/89758975857'), ('Stig Anton Nielsen', '/profile/87358889057'), ('Hanna Frank', '/profile/99658704517'), ('Zhu Kening', '/profile/99658695885'), ('Axel Pelling', '/profile/99658704126'), ('Adviye Ayça Ünlüer', '/profile/99658700122'), ('Christian Carlsson', '/profile/99658697583'), ('Max Witt', '/profile/99658703836'), ('Morten Fjeld', '/profile/81100571519')]"
218,Emergence of agent-based referral networks,"[('Bin Yu', '/profile/81100472076'), ('Munindar P. Singh', '/profile/81350589454')]"
219,Random preferential attachment hypergraph,"[('Chen Avin', '/profile/81100645698'), ('Zvi Lotker', '/profile/81100391608'), ('Yinon Nahum', '/profile/81502802958'), ('David Peleg', '/profile/81100569948')]"
220,The emergence of software diversity in maven central,"[('César Soto-Valero', '/profile/99659286914'), ('Amine Benelallam', '/profile/99658680521'), ('Nicolas Harrand', '/profile/99659075330'), ('Olivier Barais', '/profile/81100154033'), ('Benoit Baudry', '/profile/81100407522')]"
221,Emergent Communication under Competition,"[('Michael Noukhovitch', '/profile/99659694814'), ('Travis LaCroix', '/profile/99659695089'), ('Angeliki Lazaridou', '/profile/81485659419'), ('Aaron Courville', '/profile/81100464337')]"
222,Emergence of Conventions for Efficiently Resolving Conflicts in Complex Networks,"[('Toshiharu Sugawara', '/profile/99659838713')]"
223,Intrinsic emergence boosts adaptive capacity,"[('Christophe Philemotte', '/profile/81100599784'), ('Hugues Bersini', '/profile/81100053308')]"
224,Fear of Punishment Promotes the Emergence of Cooperation and Enhanced Social Welfare in Social Dilemmas,"[('Theodor Cimpeanu', '/profile/99659530444'), ('The Anh Han', '/profile/84460150857')]"
225,Rapid Convergence: The Outcomes of Making PPE During a Healthcare Crisis,"[('Kelly Mack', '/profile/99659261942'), ('Megan Hofmann', '/profile/99658652727'), ('Udaya Lakshmi', '/profile/99659260678'), ('Jerry Cao', '/profile/99660233363'), ('Nayha Auradkar', '/profile/99660741423'), ('Rosa Arriaga', '/profile/81100177483'), ('Scott Hudson', '/profile/81328488846'), ('Jen Mankoff', '/profile/81100650762')]"
226,An object-oriented media computation package in Python 3,"[('Paul Buis', '/profile/81100105441')]"
227,Irreversibility and forceback in public interfaces,"[('Ingunn Bratteberg', '/profile/81372593185'), ('Steinar Kristoffersen', '/profile/81100263573')]"
228,Minimising latency and maintaining consistency in distributed virtual prototyping,"[('J. Marsh', '/profile/81100322829'), ('M. Glencross', '/profile/81408602556'), ('S. Pettifer', '/profile/81100508955'), ('R. J. Hubbold', '/profile/81100561115'), ('J. Cook', '/profile/81100111573'), ('S. Daubrenet', '/profile/81100260318')]"
229,Mobility in Low-Power Wide-Area Network over White Spaces,"[('Dali Ismail', '/author/Ismail%2C+Dali'), ('Abusayeed Saifullah', '/author/Saifullah%2C+Abusayeed')]"
230,A convenient way to handle numbers,"[('Paul Frenger', '/profile/81100049583')]"
231,Handling Bias in Toxic Speech Detection: A Survey,"[('Tanmay Garg', '/author/Garg%2C+Tanmay'), ('Sarah Masud', '/author/Masud%2C+Sarah'), ('Tharun Suresh', '/author/Suresh%2C+Tharun'), ('Tanmoy Chakraborty', '/author/Chakraborty%2C+Tanmoy')]"
232,Towards emergence of communication: a cognitive developmental robotics approach,"[('Minoru Asada', '/profile/81100515894')]"
233,Do ordinary bloggers really differ from blog celebrities?,"[('Olessia Koltsova', '/profile/89758753657'), ('Sergei Koltcov', '/profile/89758841757'), ('Svetlana Alexeeva', '/profile/89758981257')]"
234,Higher Dimension Quantum Entanglement Generators,"[('Kaitlin N. Smith', '/profile/99659439423'), ('Mitchell A. Thornton', '/profile/81100443126')]"
235,Data-Driven Color Manifolds,"[('Chuong H. Nguyen', '/profile/81503643136'), ('Tobias Ritschel', '/profile/81351607404'), ('Hans-Peter Seidel', '/profile/81100315426')]"
236,Multimodal Graph Meta Contrastive Learning,"[('Feng Zhao', '/profile/99659877326'), ('Donglin Wang', '/profile/99659478866')]"
237,Challenges in designing interactive systems for emergency response,"[('Morten Kyng', '/profile/81100435567'), ('Esben Toftdahl Nielsen', '/profile/81314494414'), ('Margit Kristensen', '/profile/81311483791')]"
238,Modeling the materials handling in a container terminal using electronic real-time tracking data,"[('Yan Liu', '/profile/81485647159'), ('Soemon Takakuwa', '/profile/81100460554')]"
239,Processing Social Media Messages in Mass Emergency: A Survey,"[('Muhammad Imran', '/profile/81485650215'), ('Carlos Castillo', '/profile/81100469839'), ('Fernando Diaz', '/profile/81100278520'), ('Sarah Vieweg', '/profile/81384596988')]"
240,"Capacity, Bandwidth, and Compositionality in Emergent Language Learning","[('Cinjon Resnick', '/profile/99659336902'), ('Abhinav Gupta', '/profile/99659530143'), ('Jakob Foerster', '/profile/99659218441'), ('Andrew M. Dai', '/profile/99659048763'), ('Kyunghyun Cho', '/profile/81488664147')]"
241,Natural language generation in dialog systems,"[('Owen Rambow', '/profile/81100194456'), ('Srinivas Bangalore', '/profile/81100126548'), ('Marilyn Walker', '/profile/81100424194')]"
242,Emergence of altruism in open-ended evolution in a population of autonomous agents,"[('Jean-Marc Montanier', '/profile/81474698218'), ('Nicolas Bredeche', '/profile/81100615874')]"
243,Emergent semantics from game-induced folksonomies,"[('Lilian Weng', '/profile/81500645383'), ('Filippo Menczer', '/profile/81100513282')]"
244,The 'Fairness Doctrine' lives on?: Theorizing about the Algorithmic News Curation of Google's Top Stories,"[('Anna Kawakami', '/profile/99659527690'), ('Khonzoda Umarova', '/profile/99659370907'), ('Dongchen Huang', '/profile/99659553536'), ('Eni Mustafaraj', '/profile/81461643094')]"
245,Generative models for name disambiguation,"[('Yang Song', '/profile/81317500799'), ('Jian Huang', '/profile/81452601427'), ('Isaac G. Councill', '/profile/81100400797'), ('Jia Li', '/profile/81363603094'), ('C. Lee Giles', '/profile/81100126614')]"
246,An Objective-Based Approach for Semantic Validation of Emergence in Component-Based Simulation Models,"[('Claudia Szabo', '/profile/81330498798'), ('Yong Meng Teo', '/profile/81548017693')]"
247,Design exploration of ultra-low power non-volatile memory based on topological insulator,"[('Yuhao Wang', '/profile/81504685422'), ('Hao Yu', '/profile/81100472395')]"
248,"Emergence of learning in computer-supported, large-scale collective dynamics: a research agenda","[('Manu Kapur', '/profile/81316488825'), ('David Hung', '/profile/81316488655'), ('Michael Jacobson', '/profile/81100030660'), ('John Voiklis', '/profile/81317490061'), ('Charles K. Kinzer', '/profile/81100336595'), ('Chen Der-Thanq Victor', '/profile/81442604408')]"
249,Using Competing Bacterial Communication to Disassemble Biofilms,"[('Daniel P. Martins', '/profile/99659068408'), ('Michael T. Barros', '/profile/99659067497'), ('Sasitharan Balasubramaniam', '/profile/81314487927')]"
250,"Network communities, community networks","[('John M. Carroll', '/profile/81350576124'), ('Mary Beth Rosson', '/profile/81335496622')]"
251,"Emergence of learning in computer-supported, large-scale collective dynamics: a research agenda","[('Manu Kapur', '/profile/81316488825'), ('David Hung', '/profile/81316488655'), ('Michael Jacobson', '/profile/81100030660'), ('John Voiklis', '/profile/81317490061'), ('Charles K. Kinzer', '/profile/81100336595'), ('Chen Der-Thanq Victor', '/profile/81442604408')]"
252,Financial model within the MSW management cluster based on public-private partnership projects,"[('Aleksey Gubernatorov', '/profile/99660009204'), ('Elena Tutukina', '/profile/99660009015'), ('Elena Stepanova', '/profile/99660008806')]"
253,Deep learning benchmarks and datasets for social media image classification for disaster response,"[('Firoj Alam', '/profile/99658645960'), ('Ferda Ofli', '/profile/81558202256'), ('Muhammad Imran', '/profile/81485650215'), ('Tanvirul Alam', '/profile/99659916770'), ('Umair Qazi', '/profile/99659537823')]"
254,Using emulation to validate post-disaster network recovery solutions,"[('Razvan Beuran', '/profile/81330487996'), ('Shingo Yasuda', '/profile/81502684882'), ('Tomoya Inoue', '/profile/81493644641'), ('Shinsuke Miwa', '/profile/81392597056'), ('Yoichi Shinoda', '/profile/81100555825')]"
255,Visual Robot Programming for Generalizable Mobile Manipulation Tasks,"[('Sonya Alexandrova', '/profile/99658692176'), ('Zachary Tatlock', '/profile/81392605383'), ('Maya Cakmak', '/profile/81414594397')]"
256,Visual Assistant for Crowdsourced Anomaly Event Recognition in Smart City,"[('Minh-Tri Ho', '/profile/99659489062'), ('Trong-Tung Nguyen', '/profile/99659488809'), ('Hieu Dao', '/profile/99659489231'), ('Minh-Triet Tran', '/profile/81392613616')]"
257,Session details: Robots and emerging technologies,"[('I-Ping Hong', '/profile/99659118790')]"
258,Modeling the performance of low latency queueing for emergency telecommunications,"[('Denise M. Bevilacqua Masi', '/profile/81350587406'), ('Martin J. Fischer', '/profile/81350587586'), ('David A. Garbin', '/profile/81350580941')]"
259,Cloud-based cooperative navigation for mobile service robots in dynamic industrial environments,"[('Jannik Abbenseth', '/profile/99659172926'), ('Felipe Garcia Lopez', '/profile/99659034543'), ('Christian Henkel', '/profile/99659173203'), ('Stefan Dörr', '/profile/99659034508')]"
260,Learning to Learn and Compositionality with Deep Recurrent Neural Networks: Learning to Learn and Compositionality,"[('Nando de Freitas', '/profile/81335489736')]"
261,Software estimation using a generic-processor model,"[('Jie Gong', '/profile/81100009770'), ('D. D. Gajski', '/profile/81502706434'), ('S. Narayan', '/profile/81100186344')]"
262,Why E-Servicescape Matters for Positive Word-of-Mouth: An Empirical Study in Online Food Delivery Service During COVID-19 Pandemic in Indonesia,"[('Darjat Sudrajat', '/profile/99659732324')]"
263,Winning an Election: On Emergent Strategic Communication in Multi-Agent Networks,"[('Shubham Gupta', '/profile/99659338498'), ('Ambedkar Dukkipati', '/profile/99660268182')]"
264,Emergence of human language: a DEVS-based systems approach,"[('Bernard P Zeigler', '/profile/81452614233')]"
265,A cognitive account of collective emergence in design,"[('Benjamin G. Shaw', '/profile/81413602085')]"
266,Robust convention emergence in social networks through self-reinforcing structures dissolution,"[('Daniel Villatoro', '/profile/81436594336'), ('Jordi Sabater-Mir', '/profile/81341496047'), ('Sandip Sen', '/profile/81100401673')]"
267,Session details: Mixed Topics: Emerging Topics + Internet Plus Government + Organizational Factor,"[('Karen Mossberger', '/profile/81311483661')]"
268,Blockchain-based Reputation Evaluation Using Game Theory in Social Networking,"[('Wenjie Guo', '/profile/99660370063'), ('Jingfeng Xue', '/profile/81447600455'), ('Yong Wang', '/profile/99659393038'), ('Zhixiong Zhou', '/profile/99660365587')]"
269,"Emergent Interaction: Complexity, Dynamics, and Enaction in HCI","[('Dan Bennett', '/profile/99659526751'), ('Alan Dix', '/profile/81100537116'), ('Parisa Eslambolchilar', '/profile/81350582010'), ('Feng Feng', '/profile/99659702051'), ('Tom Froese', '/profile/81384617703'), ('Vassilis Kostakos', '/profile/81100283202'), ('Sebastien Lerique', '/profile/99659700491'), ('Niels van Berkel', '/profile/99658743711')]"
270,On Detecting Policy-Related Political Ads: An Exploratory Analysis of Meta Ads in 2022 French Election,"[('Vera Sosnovik', '/author/Sosnovik%2C+Vera'), ('Romaissa Kessi', '/author/Kessi%2C+Romaissa'), ('Maximin Coavoux', '/author/Coavoux%2C+Maximin'), ('Oana Goga', '/author/Goga%2C+Oana')]"
271,Toward safe interoperations in network connected medical cyber-physical systems using open-loop safe protocols,"[('Andrew Y.-Z. Ou', '/profile/99659088659'), ('Maryam Rahmaniheris', '/profile/81313480940'), ('Yu Jiang', '/profile/82658667557'), ('Po-Liang Wu', '/profile/81461647343'), ('Lui Sha', '/profile/81100436936')]"
272,Implementation of Cognitive Driver Models in Microscopic Traffic Simulations,"[('Roland Cristea', '/profile/99659090186'), ('Stefan Rulewitz', '/profile/99659090833'), ('Ilja Radusch', '/profile/81321496890'), ('Karl Hübner', '/profile/99658746676'), ('Björn Schünemann', '/profile/81392602341')]"
273,Information technology and the emergence of a worker-centered organization,"[('Patricia A. Carlson', '/profile/81100379063')]"
274,Research Challenges of Emerging Technologies Supporting Life-Long Health and Wellbeing,"[('Jochen Meyer', '/profile/81500657671'), ('Parisa Eslambolchilar', '/profile/81350582010')]"
275,MegaFlow2D: A Parametric Dataset for Machine Learning Super-resolution in Computational Fluid Dynamics Simulations,"[('Wenzhuo Xu', '/author/Xu%2C+Wenzhuo'), ('Noelia Grande Gutierrez', '/author/Grande+Gutierrez%2C+Noelia'), ('Christopher McComb', '/author/McComb%2C+Christopher')]"
276,Using simulation to help hospitals reduce emergency department waiting times: examples and impact,"[('Thomas Monks', '/profile/81485650081'), ('Rudabeh Meskarian', '/profile/99658621359')]"
277,Emergent Spatial Agent Segregation,"[('K. A. Hawick', '/profile/81100188223'), ('C. J. Scogings', '/profile/81100346631')]"
278,Corpus design for biomedical natural language processing,"[('K. Bretonnel Cohen', '/profile/81346487867'), ('Philip V. Ogren', '/profile/81324492267'), ('Lynne Fox', '/profile/81350599925'), ('Lawrence Hunter', '/profile/81406593319')]"
279,A neurorobotics approach to investigating the emergence of communication in robots,"[('Jungsik Hwang', '/profile/81501650472'), ('Nadine Wirkuttis', '/profile/99659491339'), ('Jun Tani', '/profile/81100242888')]"
280,"Un Grano de Arena: Infrastructural Care, Social Media Platforms, and the Venezuelan Humanitarian Crisis","[('Michaelanne Dye', '/profile/81553689056')]"
281,Sustainabot - Exploring the Use of Everyday Foodstuffs as Output and Input for and with Emergent Users,"[('Simon Robinson', '/profile/81371592031'), ('Jennifer Pearson', '/profile/81384596881'), ('Mark D. Holton', '/profile/99659365427'), ('Shashank Ahire', '/profile/99658659910'), ('Matt Jones', '/profile/81328488881')]"
282,Using conceptual blending to describe emergent meaning in wave propagation,"[('Michael C. Wittmann', '/profile/81442611177')]"
283,Designing a Smart Speaker for Emergent Users: Human Plus AI Response,"[('Shashank Ahire', '/profile/99660689870')]"
284,In-memory computing in emerging memory technologies for machine learning: an overview,"[('Kaushik Roy', '/profile/81100654574'), ('Indranil Chakraborty', '/profile/99659369412'), ('Mustafa Ali', '/profile/99659370422'), ('Aayush Ankit', '/profile/99659178682'), ('Amogh Agrawal', '/profile/99659368353')]"
285,Challenges developing and teaching online professional courses for technical graduate programs: panel discussion,"[('Ajay Bandi', '/author/Bandi%2C+Ajay'), ('Denise Case', '/author/Case%2C+Denise'), ('Nathan Eloe', '/author/Eloe%2C+Nathan'), ('Aziz Fellah', '/author/Fellah%2C+Aziz'), ('Charles Hoot', '/author/Hoot%2C+Charles')]"
286,Emergence of Cooperation in Complex Agent Networks Based on Expectation of Cooperation: (Extended Abstract),"[('Ryosuke Shibusawa', '/profile/99658664391'), ('Tomoaki Otsuka', '/profile/87959161057'), ('Toshiharu Sugawara', '/profile/81100212247')]"
287,Deep learning the ising model near criticality,"[('Alan Morningstar', '/profile/99659287315'), ('Roger G. Melko', '/profile/99659288045')]"
288,Universal protocols for information dissemination using emergent signals,"[('Bartłomiej Dudek', '/profile/99659277993'), ('Adrian Kosowski', '/profile/81318494688')]"
289,Conducting a Large-scale Field Test of a Smartphone-based Communication Network for Emergency Response,"[('Flor Álvarez', '/profile/99659314354'), ('Lars Almon', '/profile/99659314945'), ('Patrick Lieser', '/profile/99658733581'), ('Tobias Meuser', '/profile/99659314824'), ('Yannick Dylla', '/profile/99659314226'), ('Björn Richerzhagen', '/profile/82858760057'), ('Matthias Hollick', '/profile/81100325093'), ('Ralf Steinmetz', '/profile/81100171846')]"
290,"Capacity, Bandwidth, and Compositionality in Emergent Language Learning","[('Cinjon Resnick', '/profile/99659336902'), ('Abhinav Gupta', '/profile/99659530143'), ('Jakob Foerster', '/profile/99659218441'), ('Andrew M. Dai', '/profile/99659048763'), ('Kyunghyun Cho', '/profile/81488664147')]"
291,Towards emergence of communication: a cognitive developmental robotics approach,"[('Minoru Asada', '/profile/81100515894')]"
292,Learning Driven Mobility Control of Airborne Base Stations in Emergency Networks,"[('Rui Li', '/profile/99659075614'), ('Chaoyun Zhang', '/profile/99659225879'), ('Paul Patras', '/profile/81456635505'), ('Razvan Stanica', '/profile/81488671225'), ('Fabrice Valois', '/profile/81100131588')]"
293,Open and regionalised spectrum repositories for emerging countries,"[('Andres Arcia Moret', '/profile/99659047996'), ('Arjuna Sathiaseelan', '/profile/81316490754'), ('Marco Zenaro', '/profile/84460081357'), ('Freddy Rondon', '/profile/99659048791'), ('Ermanno Pietrosemoli', '/profile/81367599379'), ('David Johnson', '/profile/99659047476')]"
294,Detecting Emergent Intersectional Biases: Contextualized Word Embeddings Contain a Distribution of Human-like Biases,"[('Wei Guo', '/profile/99659840964'), ('Aylin Caliskan', '/profile/81508689525')]"
295,Shedding Light: Integrating Bioimaging Technologies into the Design of an Interactive Museum Exhibit,"[('Joyce Ma', '/profile/99659388644'), ('Eyal Shahar', '/profile/99659441940'), ('Kevin Eliceiri', '/profile/81443597313'), ('Guneet Mehta', '/profile/99659442373'), ('Kristina Yu', '/profile/99659442161')]"
296,Performance Impact of Emerging Memory Technologies on Big Data Applications: A Latency-Programmable System Emulation Approach,"[('Mu-Tien Chang', '/profile/99659216621'), ('I. Stephen Choi', '/profile/99658757827'), ('Dimin Niu', '/profile/81466645127'), ('Hongzhong Zheng', '/profile/81361605041')]"
297,Emergence of altruism in open-ended evolution in a population of autonomous agents,"[('Jean-Marc Montanier', '/profile/81474698218'), ('Nicolas Bredeche', '/profile/81100615874')]"
298,Phase diagram for two-layer ReLU neural networks at infinite-width limit,"[('Tao Luo', '/author/Luo%2C+Tao'), ('Zhi-Qin John Xu', '/author/Xu%2C+Zhi-Qin+John'), ('Zheng Ma', '/author/Ma%2C+Zheng'), ('Yaoyu Zhang', '/author/Zhang%2C+Yaoyu')]"
299,Numerical computing on the web: benchmarking for the future,"[('David Herrera', '/profile/99659303025'), ('Hanfeng Chen', '/profile/99659179327'), ('Erick Lavoie', '/profile/81490696105'), ('Laurie Hendren', '/profile/81100646110')]"
300,"Interact, excite, and feel","[('Parisa Eslambolchilar', '/profile/81350582010'), ('Rod Murray-Smith', '/profile/81100572841')]"
301,Information technology and the emergence of a worker-centered organization,"[('Patricia A. Carlson', '/profile/81100379063')]"
302,Performance Considerations for Edge Blockchain Systems in Emerging 5G Data Networks,"[('Dilip Krishnaswamy', '/profile/99658669108')]"
303,Myopic and Non-myopic Communication under Partial Observability,"[('Alan Carlin', '/profile/81365596099'), ('Shlomo Zilberstein', '/profile/81100061211')]"
304,Serverless Computing and Cloud Function-based Applications,"[('Josef Spillner', '/profile/81436593803')]"
305,Symbolic reasoning for automatic signal placement,"[('Kostas Ferles', '/profile/99659178776'), ('Jacob Van Geffen', '/profile/99659178860'), ('Isil Dillig', '/profile/81331491247'), ('Yannis Smaragdakis', '/profile/81100614708')]"
306,Networked Multi-Agent Reinforcement Learning with Emergent Communication,"[('Shubham Gupta', '/profile/99659338498'), ('Rishi Hazra', '/profile/99659530145'), ('Ambedkar Dukkipati', '/profile/99660268182')]"
307,The emergence of software diversity in maven central,"[('César Soto-Valero', '/profile/99659286914'), ('Amine Benelallam', '/profile/99658680521'), ('Nicolas Harrand', '/profile/99659075330'), ('Olivier Barais', '/profile/81100154033'), ('Benoit Baudry', '/profile/81100407522')]"
308,Controversies and opinion,"[('Allen Reiter', '/profile/81332523092')]"
309,Generic quantum Fourier transforms,"[('Cristopher Moore', '/profile/81331499959'), ('Daniel Rockmore', '/profile/81100636775'), ('Alexander Russell', '/profile/81100588915')]"
310,Evaluation of emerging educational technologies in the classroom,"[('Ahmed Kharrufa', '/profile/81479662079'), ('Serdar Abaci', '/profile/81502812644'), ('Emeline Brulé', '/profile/99658765641'), ('Petr Slovak', '/profile/81435611500'), ('Megan Venn-Wycherley', '/profile/99659365983'), ('Daniel Lambton-Howard', '/profile/99659366417')]"
311,Session details: Healthcare applications: Emergency departments,"[('Xiaolan Xie', '/profile/99659356287'), ('Maria Mayorga', '/profile/99659412840')]"
312,Designing Emergent Swarm Behaviors using Behavior Trees and Grammatical Evolution,"[('Aadesh Neupane', '/profile/99659280839'), ('Michael A. Goodrich', '/profile/81350575550')]"
313,A classical leash for a quantum system: command of quantum systems via rigidity of CHSH games,"[('Ben W. Reichardt', '/profile/81100216023'), ('Falk Unger', '/profile/81342514273'), ('Umesh Vazirani', '/profile/81100201963')]"
314,Satellite grouping and routing protocol for LEO/MEO satellite IP networks,"[('Chao Chen', '/profile/81331490456'), ('Eylem Ekici', '/profile/81100577558'), ('Ian F. Akyildiz', '/profile/81100069285')]"
315,Community based emergency response,"[('David Lorenzi', '/profile/81481644748'), ('Jaideep Vaidya', '/profile/81100496660'), ('Soon Chun', '/profile/81452602572'), ('Basit Shafiq', '/profile/81100322125'), ('Varuna Naik', '/profile/81758613757'), ('Vijayalakshmi Atluri', '/profile/81100274477'), ('Nabil Adam', '/profile/81100597393')]"
316,Norm Emergence in Multiagent Systems: A Viewpoint Paper,"[('Andreasa Morris-Martin', '/profile/99659530159'), ('Marina De Vos', '/profile/81460642129'), ('Julian Padget', '/profile/81100470382')]"
317,Towards small world emergence,"[('Philippe Duchon', '/profile/81317488525'), ('Nicolas Hanusse', '/profile/81100391285'), ('Emmanuelle Lebhar', '/profile/81100281896'), ('Nicolas Schabanel', '/profile/81100488507')]"
318,"""Help! Can You Hear Me?"": Understanding How Help-Seeking Posts are Overwhelmed on Social Media during a Natural Disaster","[('Changyang He', '/profile/99659900877'), ('Yue Deng', '/profile/99660643089'), ('Wenjie Yang', '/profile/99659548038'), ('Bo Li', '/profile/81409595864')]"
319,On Algorithmic Decision Procedures in Emergency Response Systems in Smart and Connected Communities,"[('Geoffrey Pettet', '/profile/99659359348'), ('Ayan Mukhopadhyay', '/profile/99659026499'), ('Mykel Kochenderfer', '/profile/81442616197'), ('Yevgeniy Vorobeychik', '/profile/81314492468'), ('Abhishek Dubey', '/profile/81312482618')]"
320,Overlapping coalition formation games: charting the tractability frontier,"[('Yair Zick', '/profile/81488672802'), ('Georgios Chalkiadakis', '/profile/81100043278'), ('Edith Elkind', '/profile/81331491851')]"
321,Towards a predictive model architecture for current or emergent pandemic situations,"[('Fortune S. Mhlanga', '/profile/81100199976'), ('E. L. Perry', '/profile/84758737957'), ('Ching-Song Wei', '/profile/84758628457'), ('Peter A. Ng', '/profile/84758625757')]"
322,"What's kooking?: characterizing India's emerging social network, Koo","[('Asmit Kumar Singh', '/profile/99659972785'), ('Chirag Jain', '/profile/99659749367'), ('Jivitesh Jain', '/profile/99659965531'), ('Rishi Raj Jain', '/profile/99659964444'), ('Shradha Sehgal', '/profile/99659856836'), ('Tanisha Pandey', '/profile/99659977721'), ('Ponnurangam Kumaraguru', '/profile/81328489236')]"
323,Emergent properties in ad-hoc networks: a security perspective,"[('Virgil D. Gligor', '/profile/81100240914')]"
324,Event-based classification of social media streams,"[('Timo Reuter', '/profile/81503671785'), ('Philipp Cimiano', '/profile/81100623599')]"
325,Evolutionary music composition based on Zipf's law,"[('Johannes H. Jensen', '/profile/81486644103'), ('Pauline C. Haddow', '/profile/81100311007')]"
326,Emergence of altruism in open-ended evolution in a population of autonomous agents,"[('Jean-Marc Montanier', '/profile/81474698218'), ('Nicolas Bredeche', '/profile/81100615874')]"
327,Multimodal Emergent Fake News Detection via Meta Neural Process Networks,"[('Yaqing Wang', '/profile/99659731715'), ('Fenglong Ma', '/profile/99658733425'), ('Haoyu Wang', '/profile/99659851079'), ('Kishlay Jha', '/profile/99659287019'), ('Jing Gao', '/profile/81440599637')]"
328,Emergence of invariance and disentanglement in deep representations,"[('Alessandro Achille', '/profile/99659345025'), ('Stefano Soatto', '/profile/81502745004')]"
329,Cultural and linguistic localization of games to bridge the digital and cultural divide in indigenous populations,"[('Joan Byamugisha', '/profile/99658685644'), ('Laurianne Sitbon', '/profile/81363592880'), ('Margot Brereton', '/profile/81100017862')]"
330,Evolving recurrent neural networks for emergent communication,"[('Joshua Sirota', '/profile/99659444767'), ('Vadim Bulitko', '/profile/81100495232'), ('Matthew R G Brown', '/profile/99659524453'), ('Sergio Poo Hernandez', '/profile/99659085148')]"
331,Design and Characteristic Analysis of Variable Buoyancy System for Long Range Autonomous Underwater Vehicle,"[('Zhaoyang Sun', '/profile/99659467131'), ('Jiancheng Yu', '/profile/99658660436'), ('Aiqun Zhang', '/profile/81467656126'), ('Yan Huang', '/profile/99659467748'), ('Zhenyu Wang', '/profile/99659468056')]"
332,Evolution of quantum algorithms,"[('Lee Spector', '/profile/81100520221')]"
333,Evidence of long range dependence and self-similarity in urban traffic systems,"[('Gautam S. Thakur', '/profile/81464641077'), ('Pan Hui', '/profile/81548028286'), ('Ahmed Helmy', '/profile/81100223430')]"
334,"Hide and Seek, and the Emergence of Randomness in a Population of Deterministic Agents","[('Robin Clark', '/profile/99659277349'), ('Steven Kimbrough', '/profile/99659277634')]"
335,Emergent semantics from game-induced folksonomies,"[('Lilian Weng', '/profile/81500645383'), ('Filippo Menczer', '/profile/81100513282')]"
336,Descrambling the social TV echo chamber,"[('Nitya Narasimhan', '/profile/81100599610'), ('Venu Vasudevan', '/profile/81100090040')]"
337,The emergence and growth of evolutionary art: 1980--1993,"[('Nicholas Lambert', '/profile/81467640938'), ('William Latham', '/profile/81100545095'), ('Frederic Fol Leymarie', '/profile/81758954157')]"
338,Emergent Behavior in System-of-Systems: A Systematic Mapping Study,"[('Thiago J. Inocêncio', '/profile/99659458530'), ('Gustavo R. Gonzales', '/profile/99659458345'), ('Everton Cavalcante', '/profile/81492655455'), ('Flávio E. A. Horita', '/profile/99659161683')]"
339,Use of genetic algorithms in three-dimensional reconstruction in carbon black aggregates,"[('Robert J. Grim', '/profile/81332501999'), ('J. Richard Rinewalt', '/profile/81538497256'), ('L. Donnell Payne', '/profile/81100557841')]"
340,pakapaka Method For BLE Beacon Identification,"[('Shota Ikeda', '/profile/99659093375'), ('Katsuhiko Kaji', '/profile/81310494595')]"
341,A multiagent system manages collaboration in emergent processes,"[('John Debenham', '/profile/81100407062')]"
342,Evolution of Complex Emergent Behaviour in Multi-State Cellular Automata,"[('Michal Bidlo', '/profile/81375607657')]"
343,Harnessing emergence: the control and design of emergent behavior in system of systems engineering,"[('Saurabh Mittal', '/profile/81337491891'), ('Larry Rainey', '/profile/81100422611')]"
344,Moiré cryptography,"[('Yvo Desmedt', '/profile/81100599384'), ('Tri van Le', '/profile/81100276218')]"
345,Emergent ad hoc sensor network connectivity in large-scale disaster zones,"[('Osher Yadgar', '/profile/81100293733')]"
346,Global chaos synchronization of Arneodo chaotic system via backstepping controller design,"[('Sundarapandian Vaidyanathan', '/profile/81508689953')]"
347,Interference radius in PCS radio resource management simulations,"[('Michael Liljenstam', '/profile/81100317989'), ('Rassul Ayani', '/profile/81100419018')]"
348,Using machine learning for handover optimization in vehicular fog computing,"[('Salman Memon', '/profile/99659366650'), ('Muthucumaru Maheswaran', '/profile/81100094438')]"
349,Phase transitions in group testing,"[('Jonathan Scarlett', '/profile/99658668739'), ('Volkan Cevher', '/profile/81336488297')]"
350,An Objective-Based Approach for Semantic Validation of Emergence in Component-Based Simulation Models,"[('Claudia Szabo', '/profile/81330498798'), ('Yong Meng Teo', '/profile/81548017693')]"
351,Modeling and simulation of steady state and transient behaviors for emergent SoCs,"[('JoAnn M. Paul', '/profile/81452605713'), ('Arne J. Suppé', '/profile/81100076397'), ('Donald E. Thomas', '/profile/81100412140')]"
352,Carbon nanotube field-effect transistors and logic circuits,"[('R. Martel', '/profile/81100371443'), ('V. Derycke', '/profile/81100644923'), ('J. Appenzeller', '/profile/81100504402'), ('S. Wind', '/profile/81100607440'), ('Ph. Avouris', '/profile/81100274671')]"
353,UAV based 5G indoor localization for emergency services,"[('Oluwatayo Y. Kolawole', '/profile/99660342104'), ('Mythri Hunukumbure', '/profile/99659829171')]"
354,Emergence of community structures in vowel inventories: an analysis based on complex networks,"[('Animesh Mukherjee', '/profile/81100653390'), ('Monojit Choudhury', '/profile/81313483944'), ('Anupam Basu', '/profile/81100646311'), ('Niloy Ganguly', '/profile/81100305563')]"
355,Work-function variation induced fluctuation in bias-temperature-instability characteristics of emerging metal-gate devices and implications for digital design,"[('Seid Hadi Rasouli', '/profile/81310482323'), ('Kazuhiko Endo', '/profile/81458651974'), ('Kaustav Banerjee', '/profile/81100144463')]"
356,Emerging user interfaces through first-class viewers,"[('Rick Mugridge', '/profile/81100509430'), ('Mitra Nataraj', '/profile/81503689700'), ('Darryl Singh', '/profile/81503685455')]"
357,"Emergence of learning in computer-supported, large-scale collective dynamics: a research agenda","[('Manu Kapur', '/profile/81316488825'), ('David Hung', '/profile/81316488655'), ('Michael Jacobson', '/profile/81100030660'), ('John Voiklis', '/profile/81317490061'), ('Charles K. Kinzer', '/profile/81100336595'), ('Chen Der-Thanq Victor', '/profile/81442604408')]"
358,From object evolution to object emergence,"[('Dalila Tamzalit', '/profile/81100662350'), ('Chabane Oussalah', '/profile/81100047246')]"
359,Distributed Heterogeneous Robot-Human Teams: Robotics Track,"[('S M Al Mahi', '/profile/99659309756'), ('Kyungho Nam', '/profile/99659368528'), ('Christopher Crick', '/profile/81309494479')]"
360,Controlling the effects of anomalous ARP behaviour on ethernet networks,"[('D. Ármannsson', '/profile/81310483756'), ('G. Hjálmtýsson', '/profile/81100082838'), ('P. D. Smith', '/profile/81310487512'), ('L. Mathy', '/profile/81310493238')]"
361,Emergence of stable coalitions via task exchanges,"[('Partha Sarathi Dutta', '/profile/81100634439'), ('Sandip Sen', '/profile/81100401673')]"
362,Zero-shot Generalization of Multimodal Dialogue Agents,"[('Diogo Tavares', '/profile/99660640315')]"
363,Predicting emerging social conventions in online social networks,"[('Farshad Kooti', '/profile/81501684651'), ('Winter A. Mason', '/profile/81442596219'), ('Krishna P. Gummadi', '/profile/81100334131'), ('Meeyoung Cha', '/profile/81100205660')]"
364,Racism is a virus: anti-asian hate and counterspeech in social media during the COVID-19 crisis,"[('Bing He', '/profile/99659850401'), ('Caleb Ziems', '/profile/99659971810'), ('Sandeep Soni', '/profile/87958751357'), ('Naren Ramakrishnan', '/profile/81350601212'), ('Diyi Yang', '/profile/87258642957'), ('Srijan Kumar', '/profile/89558825057')]"
365,Emerging challenges for large scale systems integration,"[('Andrew Fano', '/profile/81100313988')]"
366,Inflationary fixed points in modal logic,"[('Anuj Dawar', '/profile/81100341382'), ('Erich Grädel', '/profile/81100568848'), ('Stephan Kreutzer', '/profile/81100206918')]"
367,Creating emergent behaviors: two robotics labs that combine reactive behaviors,"[('Robert M. Harlan', '/profile/81100207922'), ('Shelley McClarigan', '/profile/81100173961')]"
368,Towards a Dynamic Inter-Sensor Correlations Learning Framework for Multi-Sensor-Based Wearable Human Activity Recognition,"[('Shenghuan Miao', '/profile/99660567182'), ('Ling Chen', '/profile/81408598829'), ('Rong Hu', '/profile/99660566458'), ('Yingsong Luo', '/profile/99660566610')]"
369,A Carrier-Based Analytic Model for Undoped (Lightly Doped) Ultra-Thin-Body Silicon-on-Insulator (UTB-SOI) MOSFETs,"[('Jin He', '/profile/81100331866'), ('Xing Zhang', '/profile/81312481890'), ('Ganggang Zhang', '/profile/81312481251'), ('Yangyuan Wang', '/profile/81312485573')]"
370,DP-cryptography: marrying differential privacy and cryptography in emerging applications,"[('Sameer Wagh', '/profile/99660009977'), ('Xi He', '/profile/89758898557'), ('Ashwin Machanavajjhala', '/profile/81100002416'), ('Prateek Mittal', '/profile/81375616228')]"
371,Thing Constellation Visualizer: Exploring Emergent Relationships of Everyday Objects,"[('Yi-Ching (Janet) Huang', '/profile/99659895672'), ('Yu-Ting Cheng', '/profile/99659276837'), ('Rung-Huei Liang', '/profile/99659899018'), ('Jane Yung-jen Hsu', '/profile/81406599584'), ('Lin-Lin Chen', '/profile/99658706963')]"
372,Safe deployment for reconfigurable cyber-physical systems,"[('Uwe Pohlmann', '/profile/81758850257')]"
373,Evolving recurrent neural networks for emergent communication,"[('Joshua Sirota', '/profile/99659444767'), ('Vadim Bulitko', '/profile/81100495232'), ('Matthew R G Brown', '/profile/99659524453'), ('Sergio Poo Hernandez', '/profile/99659085148')]"
374,Emerging (un-)reliability based security threats and mitigations for embedded systems: special session,"[('Hussam Amrouch', '/profile/81482661250'), ('Prashanth Krishnamurthy', '/profile/81343497177'), ('Naman Patel', '/profile/99659136792'), ('Jörg Henkel', '/profile/81350581911'), ('Ramesh Karri', '/profile/81100444190'), ('Farshad Khorrami', '/profile/81343496809')]"
375,Trustworthy Device Pairing for Opportunistic Device-to-Device Communications in Mobile Crowdsourcing Systems,"[('Cong Zhao', '/profile/99659825654'), ('Fengrui Shi', '/profile/99658740799'), ('Ran Huang', '/profile/99658731386'), ('Xinyu Yang', '/profile/81413599518'), ('Julie McCann', '/profile/81100223499')]"
376,Automatic title generation for EM,"[('Paul E. Kennedy', '/profile/81547898156'), ('Alexander G. Hauptmann', '/profile/81100535010')]"
377,Towards analyzing Chinese crisis cases spatiotemporally,"[('Jian Zhan', '/profile/81385597217'), ('Ning An', '/profile/81100329696'), ('Lian Li', '/profile/81384612868'), ('Yongzhong Sha', '/profile/81351596537')]"
378,Open and regionalised spectrum repositories for emerging countries,"[('Andres Arcia Moret', '/profile/99659047996'), ('Arjuna Sathiaseelan', '/profile/81316490754'), ('Marco Zenaro', '/profile/84460081357'), ('Freddy Rondon', '/profile/99659048791'), ('Ermanno Pietrosemoli', '/profile/81367599379'), ('David Johnson', '/profile/99659047476')]"
379,Reusable C++ code for an electron-phonon simulation,"[('Sandria N. Kerr', '/profile/81100007606'), ('Guanghui Lei', '/profile/81100482205'), ('William C. Kerr', '/profile/81542448756')]"
380,Harnessing emergence: the control and design of emergent behavior in system of systems engineering,"[('Saurabh Mittal', '/profile/81337491891'), ('Larry Rainey', '/profile/81100422611')]"
381,Algorithm 111: Molecular-orbital calculation of molecular interactions,"[('Yuri A. Kruglyak', '/profile/81100288752'), ('Donald R. Whitman', '/profile/81100008077')]"
382,Harnessing emergence: the control and design of emergent behavior in system of systems engineering,"[('Saurabh Mittal', '/profile/81337491891'), ('Larry Rainey', '/profile/81100422611')]"
383,Electric field phase sensing for wearable orientation and localisation applications,"[('Daniel Roggen', '/profile/81100062927'), ('Arash Pour Yazdan', '/profile/99659069840'), ('Francisco Javier Ordóñez Morales', '/profile/99659069686'), ('Robert J. Prance', '/profile/81430602761'), ('Helen Prance', '/profile/81430662062')]"
384,Grand challenges to computation science,"[('Eugene Levin', '/profile/81100404625')]"
385,The emergence of true machine intelligence in the twenty-first century (abstract),"[('Raymond Kurzweil', '/profile/81100034327')]"
386,An interactive tool for enhancing hospital capacity predictions using an epidemiological model,"[('F. Gibson', '/profile/99659804473'), ('R. Fabbro', '/profile/99659804639'), ('A. Rahat', '/profile/99660648553'), ('T. Torsney-Weir', '/profile/81490691977'), ('D. Archambault', '/profile/99659817386'), ('M. Gravenor', '/profile/99659817113'), ('B. Lucini', '/profile/99659806238')]"
387,"Evaluation of Black hole, Wormhole and Sybil Attacks in Mobile Ad-hoc Networks","[('Sunil Kumar Jangir', '/profile/99659068609'), ('Naveen Hemrajani', '/profile/82258726257')]"
388,Stop building castles on a swamp!: the crisis of reproducing automatic search in evidence-based software engineering,"[('Zheng Li', '/profile/99659579605')]"
389,Universal protocols for information dissemination using emergent signals,"[('Bartłomiej Dudek', '/profile/99659277993'), ('Adrian Kosowski', '/profile/81318494688')]"
390,Towards emergence of communication: a cognitive developmental robotics approach,"[('Minoru Asada', '/profile/81100515894')]"
391,The Emergence of Quantified Self as a Data-driven Movement to Promote Health and Wellness,"[('Maarten den Braber', '/profile/99659077716')]"
392,Time-based adaptive collision-avoidance real-time MAC protocol for underwater acoustic sensor networks,"[('Xiaoxiao Zhuo', '/profile/99659331960'), ('Fengzhong Qu', '/profile/81453639810'), ('Hong Yang', '/profile/99659332155'), ('Yezhou Wu', '/profile/82858642257')]"
393,Information handling in an arms control inspection and verification environment,"[('L. F. Mathison', '/profile/81385604324')]"
394,Training Strategies to Handle Missing Modalities for Audio-Visual Expression Recognition,"[('Srinivas Parthasarathy', '/profile/99659667058'), ('Shiva Sundaram', '/profile/99659667890')]"
395,Asynchronous event handling in the real-time specification for Java,"[('MinSeong Kim', '/profile/81337490440'), ('Andy Wellings', '/profile/81100235181')]"
396,Computational seismic analysis of optical instrument structures: Computational analysis of seismic response of wide-field optical spectrograph structures in large telescopes,"[('Aman Shrestha', '/profile/99659906992'), ('Daxu Zhang', '/profile/99659907394'), ('Lingyu Zheng', '/profile/99659906582')]"
397,"Your 2 is My 1, Your 3 is My 9: Handling Arbitrary Miscalibrations in Ratings","[('Jingyan Wang', '/profile/99659369279'), ('Nihar B. Shah', '/profile/81461646996')]"
398,"Towards Intersectionality in Machine Learning: Including More Identities, Handling Underrepresentation, and Performing Evaluation","[('Angelina Wang', '/profile/99660487432'), ('Vikram V Ramaswamy', '/profile/99660486379'), ('Olga Russakovsky', '/profile/81550142556')]"
399,Incorporating Chorus Line Effect into a Cucker-Smale System for Fast Manoeuvre Tracking,"[('Jing Ma', '/profile/99659283191'), ('Edmund M-K Lai', '/profile/99659284137')]"
400,A Fitness Monitoring System based on Fusion of Visual and Sensorial Information,"[('Michalis Papakostas', '/profile/99658677012'), ('Theodore Giannakopoulos', '/profile/81440618760'), ('Vangelis Karkaletsis', '/profile/81100618912')]"
401,Emergent participant interaction,"[('Jennifer Seevinck', '/profile/81100515420'), ('Ernest A. Edmonds', '/profile/81100163076'), ('Linda Candy', '/profile/81100029719')]"
402,Measuring Impact of Academic Research in Computer and Information Science on Society,"[('Kushwanth Koya', '/profile/99659210772'), ('Gobinda Chowdhury', '/profile/81100512197')]"
403,Algorithm 391: Unitary symmetric polynomials,"[('John McKay', '/profile/81100556078')]"
404,Driving Next to Automated Vehicles: Emergent Human-machine Cooperation in Mixed Traffic,"[('Yutong Zhang', '/profile/99660781306'), ('Shihong Ling', '/profile/99660782402'), ('Edmond Awad', '/profile/99659109069'), ('Morgan R. Frank', '/profile/99660780667'), ('Na Du', '/profile/99660780127')]"
405,Emerging security mechanisms for medical cyber physical systems,"[('Ovunc Kocabas', '/profile/81392618642'), ('Tolga Soyata', '/profile/81100073037'), ('Mehmet K. Aktas', '/profile/99658964382')]"
406,Interactive depth first algorithm for oil transportation emergency response planning,"[('Victor Romanov', '/profile/84758678457'), ('Ilya Moskovoy', '/profile/84758718557'), ('Kseniya Grigoryeva', '/profile/84758722357')]"
407,Emerging technologies to support supply chain management,"[('Nitin Singh', '/profile/81321488361')]"
408,Mission-aware time-dependent cyber asset criticality and resilience,"[('Hasan Cam', '/profile/81555778956'), ('Pierre Mouallem', '/profile/81436603018')]"
